DROP TABLE student;
DROP TABLE payment;
DROP TABLE instructor;

CREATE TABLE student (
  student_ID number(7) PRIMARY KEY,
  FirstName varchar(20) NOT NULL,
  MiddleName varchar(20),
  LastName varchar(20),
  CourseType varchar(15),
  Address varchar(30),
  Unit varchar(10),
  PostalCode varchar(6),
  City varchar(20),
  PhoneNumber1 number(10),
  PhoneNumber2 number(10),
  instructor_ID number(3)
);

CREATE TABLE instructor(
  instructor_ID number(3) PRIMARY KEY,
  FirstName varchar(20),
  LastName varchar(20)
  
);


CREATE TABLE payment (
  payment_ID number(5) PRIMARY KEY,
  student_ID number(7),
  DateOfPayment Date,
  Amount number(6)
);
INSERT INTO student VALUES ('20181','Mia','NULL','Santana','Evening','415 Coleraine Dr','9j','A1A1A1','Markham',6666666666,NULL,8);
INSERT INTO student VALUES ('20182','Brian','Leah','OBrian','Weekend','292 Harvest Moon Dr','NULL','G6G6G6','Markham',5555555555,NULL,8);
INSERT INTO student VALUES ('20183','Mia','NULL','Bourne','Break','83 West Hill Dr','NULL','C3C3C3','Toronto',3333333333,NULL,8);
INSERT INTO student VALUES ('20184','Tyrese','NULL','Sharma','Evening','233 West Hill Dr','9j','A1A1A1','Scarborough',1111111111,4444444444,1);
INSERT INTO student VALUES ('20185','Brian','Tyler','OBrian','Weekend','330 West Hill Dr','409','B2B2B2','Scarborough',4444444444,3333333333,5);
INSERT INTO student VALUES ('20186','Jason','Parker','Toretto','Break','412 Moringside Ave','NULL','F6F6F6','Scarborough',1111111111,NULL,7);
INSERT INTO student VALUES ('20187','Tyrese','Reese','Beckford','Evening','214 Keeler Blvd','NULL','C3C3C3','Scarborough',5555555555,2222222222,8);
INSERT INTO student VALUES ('20188','Brian','NULL','Sharma','Weekend','222 Moringside Ave','NULL','B2B2B2','Scarborough',5555555555,NULL,1);
INSERT INTO student VALUES ('20189','Han','Tyler','OBrian','Evening','146 West Hill Dr','NULL','E5E5E5','Markham',5555555555,1111111111,3);
INSERT INTO student VALUES ('201810','Brian','Reese','Bourne','Evening','322 West Hill Dr','3','A1A1A1','Scarborough',7777777777,3333333333,4);
INSERT INTO student VALUES ('201811','Brian','Leah','Santana','Break','279 Keeler Blvd','NULL','G6G6G6','Scarborough',5555555555,3333333333,4);
INSERT INTO student VALUES ('201812','Tyrese','Parker','Walker','Break','327 Challenger Crt','11A','F6F6F6','Scarborough',6666666666,1111111111,2);
INSERT INTO student VALUES ('201813','Sean','Janet','Walker','Weekend','117 Coleraine Dr','NULL','A1A1A1','Markham',7777777777,NULL,6);
INSERT INTO student VALUES ('201814','Han','Janet','Gibson','Break','254 Harvest Moon Dr','NULL','E5E5E5','Markham',3333333333,4444444444,2);
INSERT INTO student VALUES ('201815','Letty','Tyrone','Santana','Evening','217 Coleraine Dr','9j','B2B2B2','Toronto',3333333333,3333333333,0);
INSERT INTO student VALUES ('201816','Jason','Parker','Walker','Break','299 Harvest Moon Dr','NULL','D4D4D4','Markham',2222222222,NULL,2);
INSERT INTO student VALUES ('201817','Sean','Solo','Beckford','Weekend','136 Challenger Crt','1507','D4D4D4','Toronto',5555555555,NULL,7);
INSERT INTO student VALUES ('201818','Tyrese','Tyler','Statham','Weekend','86 Challenger Crt','NULL','G6G6G6','Scarborough',7777777777,NULL,8);
INSERT INTO student VALUES ('201819','Tyrese','Tyrone','OConnor','Evening','10 Coleraine Dr','NULL','G6G6G6','Markham',2222222222,NULL,4);
INSERT INTO student VALUES ('201820','Letty','NULL','Gibson','Break','254 Keeler Blvd','3','F6F6F6','Scarborough',1111111111,2222222222,6);
INSERT INTO student VALUES ('201821','Brian','NULL','Sharma','Weekend','150 Challenger Crt','409','C3C3C3','Scarborough',2222222222,1111111111,6);
INSERT INTO student VALUES ('201822','Han','Chris','Gibson','Break','180 West Hill Dr','3','F6F6F6','Scarborough',6666666666,NULL,2);
INSERT INTO student VALUES ('201823','Sean','Reese','Statham','Break','475 Challenger Crt','NULL','E5E5E5','Scarborough',1111111111,2222222222,6);
INSERT INTO student VALUES ('201824','Sean','NULL','Walker','Break','347 Keeler Blvd','11A','F6F6F6','Markham',1111111111,NULL,3);
INSERT INTO student VALUES ('201825','Mia','Leah','OBrian','Weekend','467 Keeler Blvd','NULL','B2B2B2','Scarborough',6666666666,3333333333,6);
INSERT INTO student VALUES ('201826','Tyrese','NULL','Toretto','Weekend','247 Harvest Moon Dr','409','A1A1A1','Scarborough',6666666666,NULL,3);
INSERT INTO student VALUES ('201827','Tyrese','Chris','Walker','Weekend','105 Harvest Moon Dr','1507','A1A1A1','Scarborough',4444444444,NULL,2);
INSERT INTO student VALUES ('201828','Dominic','NULL','Gibson','Evening','1 Harvest Moon Dr','409','G6G6G6','Markham',6666666666,4444444444,0);
INSERT INTO student VALUES ('201829','Sean','Leah','Beckford','Break','97 West Hill Dr','NULL','B2B2B2','Toronto',7777777777,1111111111,2);
INSERT INTO student VALUES ('201830','Mia','Parker','Walker','Break','427 Challenger Crt','NULL','F6F6F6','Scarborough',1111111111,4444444444,6);
INSERT INTO student VALUES ('201831','Letty','NULL','Beckford','Break','145 Harvest Moon Dr','409','F6F6F6','Markham',7777777777,2222222222,2);
INSERT INTO student VALUES ('201832','Mia','NULL','OBrian','Evening','250 Keeler Blvd','1507','B2B2B2','Toronto',1111111111,4444444444,3);
INSERT INTO student VALUES ('201833','Dominic','Leah','Santana','Weekend','300 Moringside Ave','409','A1A1A1','Markham',4444444444,NULL,2);
INSERT INTO student VALUES ('201834','Jason','Solo','Gibson','Weekend','109 Moringside Ave','NULL','F6F6F6','Scarborough',7777777777,NULL,3);
INSERT INTO student VALUES ('201835','Han','Solo','Walker','Evening','437 Moringside Ave','NULL','F6F6F6','Scarborough',5555555555,NULL,5);
INSERT INTO student VALUES ('201836','Dominic','Janet','OConnor','Evening','94 Challenger Crt','409','D4D4D4','Toronto',3333333333,4444444444,1);
INSERT INTO student VALUES ('201837','Brian','Tyrone','Beckford','Evening','185 Coleraine Dr','NULL','A1A1A1','Scarborough',7777777777,3333333333,0);
INSERT INTO student VALUES ('201838','Sean','Solo','Bourne','Break','50 Moringside Ave','3','C3C3C3','Toronto',1111111111,NULL,0);
INSERT INTO student VALUES ('201839','Letty','Solo','Toretto','Weekend','88 Keeler Blvd','3','E5E5E5','Markham',5555555555,NULL,3);
INSERT INTO student VALUES ('201840','Tyrese','Janet','Sharma','Evening','64 Keeler Blvd','NULL','A1A1A1','Markham',5555555555,NULL,8);
INSERT INTO student VALUES ('201841','Brian','Parker','Statham','Evening','57 Challenger Crt','NULL','B2B2B2','Toronto',7777777777,NULL,4);
INSERT INTO student VALUES ('201842','Han','Leah','Toretto','Weekend','264 Keeler Blvd','NULL','F6F6F6','Toronto',4444444444,3333333333,0);
INSERT INTO student VALUES ('201843','Dominic','Tyler','Gibson','Evening','372 Moringside Ave','NULL','E5E5E5','Scarborough',3333333333,NULL,1);
INSERT INTO student VALUES ('201844','Vince','Leah','Sharma','Weekend','397 Challenger Crt','1507','B2B2B2','Scarborough',4444444444,1111111111,4);
INSERT INTO student VALUES ('201845','Brian','Solo','OConnor','Evening','21 Keeler Blvd','3','G6G6G6','Scarborough',1111111111,2222222222,3);
INSERT INTO student VALUES ('201846','Tyrese','NULL','Toretto','Weekend','484 Keeler Blvd','9j','F6F6F6','Toronto',7777777777,4444444444,1);
INSERT INTO student VALUES ('201847','Hobs','Reese','OBrian','Break','89 Coleraine Dr','11A','F6F6F6','Markham',4444444444,4444444444,1);
INSERT INTO student VALUES ('201848','Jason','Parker','Statham','Break','131 Coleraine Dr','11A','E5E5E5','Scarborough',6666666666,1111111111,2);
INSERT INTO student VALUES ('201849','Tyrese','Chris','Walker','Break','273 Challenger Crt','11A','D4D4D4','Markham',7777777777,1111111111,5);
INSERT INTO student VALUES ('201850','Dominic','Tyler','Santana','Evening','210 Moringside Ave','NULL','C3C3C3','Toronto',2222222222,NULL,4);
INSERT INTO student VALUES ('201851','Letty','Solo','OBrian','Evening','458 West Hill Dr','11A','B2B2B2','Toronto',6666666666,NULL,7);
INSERT INTO student VALUES ('201852','Hobs','Janet','Statham','Weekend','8 Coleraine Dr','NULL','E5E5E5','Markham',6666666666,1111111111,7);
INSERT INTO student VALUES ('201853','Sean','Chris','OConnor','Evening','301 Coleraine Dr','NULL','A1A1A1','Scarborough',4444444444,4444444444,4);
INSERT INTO student VALUES ('201854','Mia','NULL','Walker','Break','176 Coleraine Dr','NULL','G6G6G6','Toronto',7777777777,4444444444,6);
INSERT INTO student VALUES ('201855','Tyrese','Solo','Santana','Evening','199 West Hill Dr','1507','A1A1A1','Toronto',5555555555,NULL,6);
INSERT INTO student VALUES ('201856','Brian','Janet','Walker','Evening','43 Harvest Moon Dr','NULL','C3C3C3','Scarborough',7777777777,4444444444,7);
INSERT INTO student VALUES ('201857','Sean','Parker','Toretto','Weekend','203 Keeler Blvd','NULL','F6F6F6','Markham',1111111111,NULL,1);
INSERT INTO student VALUES ('201858','Brian','Janet','OConnor','Weekend','218 Keeler Blvd','409','G6G6G6','Toronto',1111111111,3333333333,5);
INSERT INTO student VALUES ('201859','Letty','Leah','Gibson','Evening','19 Coleraine Dr','3','C3C3C3','Markham',2222222222,NULL,6);
INSERT INTO student VALUES ('201860','Vince','Solo','Statham','Evening','445 West Hill Dr','NULL','E5E5E5','Markham',6666666666,NULL,5);
INSERT INTO student VALUES ('201861','Jason','Parker','Statham','Break','423 Moringside Ave','NULL','C3C3C3','Toronto',3333333333,2222222222,8);
INSERT INTO student VALUES ('201862','Vince','Leah','Bourne','Weekend','7 Moringside Ave','NULL','G6G6G6','Toronto',7777777777,NULL,6);
INSERT INTO student VALUES ('201863','Brian','Tyrone','Statham','Evening','230 Challenger Crt','1507','B2B2B2','Markham',3333333333,NULL,0);
INSERT INTO student VALUES ('201864','Letty','Tyrone','Beckford','Break','305 West Hill Dr','9j','E5E5E5','Toronto',5555555555,3333333333,3);
INSERT INTO student VALUES ('201865','Tyrese','Tyrone','Gibson','Weekend','498 Challenger Crt','3','D4D4D4','Markham',5555555555,NULL,6);
INSERT INTO student VALUES ('201866','Jason','Chris','OBrian','Weekend','184 Harvest Moon Dr','9j','D4D4D4','Scarborough',1111111111,2222222222,3);
INSERT INTO student VALUES ('201867','Dominic','Parker','Bourne','Evening','234 Harvest Moon Dr','NULL','A1A1A1','Toronto',6666666666,3333333333,8);
INSERT INTO student VALUES ('201868','Brian','Tyler','Walker','Evening','495 Harvest Moon Dr','NULL','E5E5E5','Scarborough',7777777777,NULL,8);
INSERT INTO student VALUES ('201869','Tyrese','Reese','Statham','Evening','300 West Hill Dr','NULL','A1A1A1','Toronto',3333333333,3333333333,0);
INSERT INTO student VALUES ('201870','Han','Tyrone','Santana','Weekend','127 Challenger Crt','409','D4D4D4','Scarborough',7777777777,4444444444,1);
INSERT INTO student VALUES ('201871','Han','Chris','Walker','Evening','276 Challenger Crt','NULL','C3C3C3','Toronto',1111111111,NULL,4);
INSERT INTO student VALUES ('201872','Dominic','Reese','Statham','Break','192 Harvest Moon Dr','11A','D4D4D4','Scarborough',7777777777,NULL,0);
INSERT INTO student VALUES ('201873','Vince','Chris','Bourne','Evening','456 Harvest Moon Dr','NULL','G6G6G6','Toronto',2222222222,4444444444,5);
INSERT INTO student VALUES ('201874','Jason','NULL','Toretto','Evening','435 Moringside Ave','11A','A1A1A1','Toronto',3333333333,1111111111,6);
INSERT INTO student VALUES ('201875','Tyrese','Parker','Toretto','Evening','326 Harvest Moon Dr','1507','G6G6G6','Toronto',4444444444,NULL,4);
INSERT INTO student VALUES ('201876','Jason','Tyrone','Sharma','Evening','305 West Hill Dr','409','A1A1A1','Toronto',1111111111,2222222222,7);
INSERT INTO student VALUES ('201877','Han','NULL','Beckford','Evening','339 Keeler Blvd','NULL','B2B2B2','Toronto',4444444444,2222222222,3);
INSERT INTO student VALUES ('201878','Brian','Parker','Bourne','Break','54 Challenger Crt','NULL','D4D4D4','Toronto',2222222222,4444444444,2);
INSERT INTO student VALUES ('201879','Vince','Reese','Bourne','Break','165 Coleraine Dr','409','E5E5E5','Toronto',5555555555,4444444444,0);
INSERT INTO student VALUES ('201880','Sean','Solo','Beckford','Evening','393 Moringside Ave','3','G6G6G6','Toronto',5555555555,1111111111,4);
INSERT INTO student VALUES ('201881','Letty','NULL','Santana','Evening','264 Keeler Blvd','9j','C3C3C3','Markham',5555555555,NULL,5);
INSERT INTO student VALUES ('201882','Brian','Janet','OBrian','Weekend','68 Challenger Crt','409','B2B2B2','Markham',7777777777,3333333333,6);
INSERT INTO student VALUES ('201883','Han','Janet','Sharma','Evening','269 Challenger Crt','NULL','D4D4D4','Toronto',5555555555,NULL,3);
INSERT INTO student VALUES ('201884','Han','Leah','OBrian','Break','5 Coleraine Dr','409','F6F6F6','Scarborough',3333333333,NULL,3);
INSERT INTO student VALUES ('201885','Letty','NULL','Sharma','Weekend','66 Keeler Blvd','1507','C3C3C3','Scarborough',6666666666,2222222222,5);
INSERT INTO student VALUES ('201886','Letty','Tyler','Santana','Weekend','61 Moringside Ave','NULL','A1A1A1','Scarborough',7777777777,2222222222,3);
INSERT INTO student VALUES ('201887','Sean','Tyler','OBrian','Break','471 Keeler Blvd','11A','C3C3C3','Markham',3333333333,NULL,7);
INSERT INTO student VALUES ('201888','Vince','Chris','Gibson','Weekend','35 Coleraine Dr','31k','E5E5E5','Scarborough',4444444444,NULL,3);
INSERT INTO student VALUES ('201889','Vince','Leah','Beckford','Weekend','252 Keeler Blvd','NULL','A1A1A1','Markham',2222222222,NULL,2);
INSERT INTO student VALUES ('201890','Mia','Reese','Sharma','Evening','379 Moringside Ave','NULL','G6G6G6','Toronto',4444444444,NULL,2);
INSERT INTO student VALUES ('201891','Hobs','Parker','Toretto','Weekend','351 Moringside Ave','NULL','D4D4D4','Scarborough',6666666666,NULL,0);
INSERT INTO student VALUES ('201892','Vince','NULL','Statham','Break','155 Harvest Moon Dr','1507','G6G6G6','Scarborough',3333333333,NULL,2);
INSERT INTO student VALUES ('201893','Letty','Chris','Bourne','Weekend','228 West Hill Dr','409','C3C3C3','Scarborough',6666666666,2222222222,1);
INSERT INTO student VALUES ('201894','Dominic','Parker','Statham','Weekend','295 West Hill Dr','NULL','C3C3C3','Toronto',6666666666,NULL,3);
INSERT INTO student VALUES ('201895','Mia','Janet','Walker','Break','358 West Hill Dr','NULL','G6G6G6','Toronto',7777777777,NULL,0);
INSERT INTO student VALUES ('201896','Letty','Parker','Walker','Weekend','232 West Hill Dr','NULL','C3C3C3','Toronto',4444444444,2222222222,5);
INSERT INTO student VALUES ('201897','Jason','NULL','Beckford','Weekend','325 West Hill Dr','9j','B2B2B2','Toronto',1111111111,3333333333,7);
INSERT INTO student VALUES ('201898','Tyrese','Leah','Bourne','Evening','370 West Hill Dr','NULL','E5E5E5','Toronto',7777777777,NULL,7);
INSERT INTO student VALUES ('201899','Brian','Chris','Beckford','Weekend','18 Challenger Crt','NULL','E5E5E5','Toronto',3333333333,1111111111,3);
INSERT INTO student VALUES ('2018100','Jason','Tyrone','Beckford','Weekend','408 Keeler Blvd','3','D4D4D4','Markham',2222222222,NULL,7);
INSERT INTO student VALUES ('2018101','Vince','Solo','OConnor','Weekend','71 Coleraine Dr','409','G6G6G6','Toronto',1111111111,NULL,4);
INSERT INTO student VALUES ('2018102','Hobs','Janet','OBrian','Break','163 Keeler Blvd','NULL','E5E5E5','Toronto',1111111111,NULL,3);
INSERT INTO student VALUES ('2018103','Mia','Reese','OBrian','Weekend','91 Moringside Ave','NULL','C3C3C3','Toronto',3333333333,2222222222,7);
INSERT INTO student VALUES ('2018104','Letty','Chris','Toretto','Break','313 Challenger Crt','NULL','E5E5E5','Toronto',1111111111,NULL,0);
INSERT INTO student VALUES ('2018105','Han','Leah','Walker','Weekend','410 Moringside Ave','31k','F6F6F6','Scarborough',5555555555,2222222222,1);
INSERT INTO student VALUES ('2018106','Han','Tyrone','OConnor','Break','111 Moringside Ave','9j','G6G6G6','Toronto',2222222222,4444444444,5);
INSERT INTO student VALUES ('2018107','Jason','Reese','Sharma','Evening','79 Coleraine Dr','NULL','G6G6G6','Scarborough',1111111111,4444444444,6);
INSERT INTO student VALUES ('2018108','Dominic','Chris','Sharma','Weekend','223 West Hill Dr','3','F6F6F6','Toronto',1111111111,3333333333,4);
INSERT INTO student VALUES ('2018109','Hobs','Chris','Statham','Break','326 Moringside Ave','NULL','A1A1A1','Toronto',6666666666,4444444444,1);
INSERT INTO student VALUES ('2018110','Han','Janet','Santana','Break','400 West Hill Dr','11A','A1A1A1','Markham',2222222222,NULL,8);
INSERT INTO student VALUES ('2018111','Vince','Tyrone','Toretto','Evening','144 Moringside Ave','NULL','F6F6F6','Toronto',3333333333,NULL,6);
INSERT INTO student VALUES ('2018112','Tyrese','NULL','OBrian','Break','275 Keeler Blvd','3','G6G6G6','Markham',6666666666,4444444444,0);
INSERT INTO student VALUES ('2018113','Jason','NULL','Gibson','Evening','372 Coleraine Dr','9j','F6F6F6','Toronto',7777777777,NULL,2);
INSERT INTO student VALUES ('2018114','Dominic','Parker','OConnor','Evening','101 Harvest Moon Dr','9j','C3C3C3','Toronto',3333333333,NULL,1);
INSERT INTO student VALUES ('2018115','Han','Tyler','OBrian','Break','490 Moringside Ave','409','B2B2B2','Scarborough',4444444444,NULL,0);
INSERT INTO student VALUES ('2018116','Brian','Tyler','Santana','Evening','88 Coleraine Dr','NULL','C3C3C3','Scarborough',5555555555,NULL,0);
INSERT INTO student VALUES ('2018117','Jason','Reese','Toretto','Evening','45 Coleraine Dr','NULL','E5E5E5','Scarborough',2222222222,NULL,6);
INSERT INTO student VALUES ('2018118','Vince','NULL','Statham','Weekend','298 Moringside Ave','11A','F6F6F6','Scarborough',1111111111,NULL,1);
INSERT INTO student VALUES ('2018119','Han','Solo','Gibson','Evening','401 West Hill Dr','409','A1A1A1','Scarborough',1111111111,NULL,5);
INSERT INTO student VALUES ('2018120','Brian','NULL','Beckford','Break','426 West Hill Dr','1507','B2B2B2','Scarborough',2222222222,3333333333,7);
INSERT INTO student VALUES ('2018121','Brian','Parker','Statham','Weekend','46 Challenger Crt','9j','A1A1A1','Markham',4444444444,3333333333,6);
INSERT INTO student VALUES ('2018122','Sean','Tyrone','Sharma','Evening','155 Harvest Moon Dr','11A','F6F6F6','Toronto',3333333333,3333333333,3);
INSERT INTO student VALUES ('2018123','Dominic','Tyrone','Bourne','Evening','283 Challenger Crt','409','G6G6G6','Markham',7777777777,NULL,5);
INSERT INTO student VALUES ('2018124','Han','Parker','OBrian','Weekend','206 West Hill Dr','NULL','E5E5E5','Markham',1111111111,NULL,1);
INSERT INTO student VALUES ('2018125','Dominic','NULL','Sharma','Evening','124 Coleraine Dr','11A','D4D4D4','Toronto',3333333333,4444444444,2);
INSERT INTO student VALUES ('2018126','Vince','Parker','Toretto','Break','177 Challenger Crt','9j','B2B2B2','Markham',4444444444,NULL,1);
INSERT INTO student VALUES ('2018127','Tyrese','NULL','Beckford','Weekend','7 Challenger Crt','NULL','A1A1A1','Scarborough',3333333333,4444444444,2);
INSERT INTO student VALUES ('2018128','Jason','Tyler','Beckford','Break','401 Harvest Moon Dr','NULL','C3C3C3','Markham',1111111111,NULL,0);
INSERT INTO student VALUES ('2018129','Tyrese','Janet','OConnor','Weekend','20 Moringside Ave','1507','F6F6F6','Scarborough',3333333333,NULL,8);
INSERT INTO student VALUES ('2018130','Tyrese','Chris','Toretto','Break','26 Keeler Blvd','31k','F6F6F6','Scarborough',5555555555,NULL,1);
INSERT INTO student VALUES ('2018131','Vince','Chris','Beckford','Evening','102 Moringside Ave','NULL','F6F6F6','Markham',2222222222,NULL,2);
INSERT INTO student VALUES ('2018132','Letty','Janet','Toretto','Evening','432 Challenger Crt','NULL','D4D4D4','Toronto',2222222222,NULL,4);
INSERT INTO student VALUES ('2018133','Sean','NULL','Gibson','Evening','184 Keeler Blvd','11A','E5E5E5','Toronto',6666666666,NULL,0);
INSERT INTO student VALUES ('2018134','Sean','Janet','Statham','Evening','50 Harvest Moon Dr','NULL','G6G6G6','Markham',3333333333,3333333333,5);
INSERT INTO student VALUES ('2018135','Hobs','Tyrone','Walker','Weekend','145 Keeler Blvd','31k','B2B2B2','Toronto',2222222222,4444444444,0);
INSERT INTO student VALUES ('2018136','Hobs','NULL','Walker','Weekend','495 Moringside Ave','NULL','D4D4D4','Toronto',7777777777,2222222222,0);
INSERT INTO student VALUES ('2018137','Dominic','Solo','Bourne','Weekend','495 Moringside Ave','3','B2B2B2','Toronto',6666666666,NULL,8);
INSERT INTO student VALUES ('2018138','Mia','Leah','Toretto','Break','68 Challenger Crt','11A','C3C3C3','Toronto',6666666666,3333333333,0);
INSERT INTO student VALUES ('2018139','Han','NULL','Bourne','Break','22 Challenger Crt','NULL','D4D4D4','Toronto',3333333333,3333333333,3);
INSERT INTO student VALUES ('2018140','Tyrese','NULL','Gibson','Evening','152 West Hill Dr','9j','G6G6G6','Scarborough',3333333333,NULL,8);
INSERT INTO student VALUES ('2018141','Sean','Leah','Gibson','Break','474 Harvest Moon Dr','1507','A1A1A1','Toronto',6666666666,1111111111,7);
INSERT INTO student VALUES ('2018142','Tyrese','Solo','Toretto','Weekend','86 Coleraine Dr','9j','F6F6F6','Markham',6666666666,3333333333,7);
INSERT INTO student VALUES ('2018143','Dominic','Tyler','Gibson','Break','475 Harvest Moon Dr','409','G6G6G6','Toronto',5555555555,NULL,3);
INSERT INTO student VALUES ('2018144','Vince','Tyler','OBrian','Break','290 Coleraine Dr','11A','G6G6G6','Toronto',7777777777,NULL,2);
INSERT INTO student VALUES ('2018145','Brian','Leah','Statham','Evening','321 Harvest Moon Dr','NULL','C3C3C3','Toronto',5555555555,NULL,5);
INSERT INTO student VALUES ('2018146','Brian','NULL','Gibson','Weekend','219 Coleraine Dr','NULL','F6F6F6','Toronto',3333333333,4444444444,2);
INSERT INTO student VALUES ('2018147','Mia','Chris','Sharma','Weekend','156 Challenger Crt','NULL','E5E5E5','Scarborough',7777777777,NULL,5);
INSERT INTO student VALUES ('2018148','Mia','Reese','Beckford','Evening','30 Coleraine Dr','NULL','D4D4D4','Toronto',7777777777,NULL,8);
INSERT INTO student VALUES ('2018149','Brian','NULL','Toretto','Evening','134 Harvest Moon Dr','409','E5E5E5','Toronto',5555555555,2222222222,0);
INSERT INTO student VALUES ('2018150','Han','NULL','Beckford','Break','195 Harvest Moon Dr','NULL','B2B2B2','Toronto',3333333333,NULL,3);
INSERT INTO student VALUES ('2018151','Tyrese','Leah','OConnor','Break','96 Challenger Crt','31k','A1A1A1','Toronto',2222222222,NULL,5);
INSERT INTO student VALUES ('2018152','Sean','Solo','Santana','Evening','172 Harvest Moon Dr','9j','D4D4D4','Toronto',1111111111,3333333333,8);
INSERT INTO student VALUES ('2018153','Han','Chris','Bourne','Evening','165 Moringside Ave','9j','D4D4D4','Toronto',2222222222,3333333333,8);
INSERT INTO student VALUES ('2018154','Brian','Janet','Santana','Weekend','387 Moringside Ave','31k','A1A1A1','Markham',4444444444,NULL,3);
INSERT INTO student VALUES ('2018155','Vince','Parker','Toretto','Break','9 Challenger Crt','9j','E5E5E5','Scarborough',6666666666,NULL,1);
INSERT INTO student VALUES ('2018156','Vince','Tyler','Bourne','Evening','339 Harvest Moon Dr','409','C3C3C3','Toronto',6666666666,1111111111,2);
INSERT INTO student VALUES ('2018157','Hobs','Tyler','Santana','Weekend','66 Harvest Moon Dr','1507','G6G6G6','Markham',6666666666,4444444444,0);
INSERT INTO student VALUES ('2018158','Mia','Janet','Santana','Evening','150 Keeler Blvd','409','F6F6F6','Markham',3333333333,NULL,0);
INSERT INTO student VALUES ('2018159','Jason','Tyler','Gibson','Evening','226 Keeler Blvd','409','D4D4D4','Markham',2222222222,3333333333,7);
INSERT INTO student VALUES ('2018160','Jason','Chris','OBrian','Weekend','21 West Hill Dr','NULL','F6F6F6','Scarborough',4444444444,NULL,3);
INSERT INTO student VALUES ('2018161','Dominic','Chris','Santana','Weekend','191 West Hill Dr','11A','C3C3C3','Scarborough',6666666666,3333333333,5);
INSERT INTO student VALUES ('2018162','Vince','Janet','Statham','Break','117 West Hill Dr','NULL','A1A1A1','Scarborough',2222222222,NULL,0);
INSERT INTO student VALUES ('2018163','Hobs','Tyrone','Beckford','Evening','197 Coleraine Dr','NULL','A1A1A1','Toronto',7777777777,3333333333,7);
INSERT INTO student VALUES ('2018164','Dominic','Janet','OBrian','Break','473 Keeler Blvd','31k','E5E5E5','Scarborough',1111111111,3333333333,8);
INSERT INTO student VALUES ('2018165','Tyrese','NULL','Bourne','Evening','487 Keeler Blvd','1507','A1A1A1','Markham',7777777777,NULL,7);
INSERT INTO student VALUES ('2018166','Jason','Janet','Santana','Weekend','248 Harvest Moon Dr','1507','G6G6G6','Toronto',4444444444,NULL,8);
INSERT INTO student VALUES ('2018167','Brian','Solo','Santana','Weekend','17 Coleraine Dr','3','D4D4D4','Markham',3333333333,3333333333,3);
INSERT INTO student VALUES ('2018168','Sean','Chris','Bourne','Break','435 Coleraine Dr','NULL','C3C3C3','Scarborough',6666666666,1111111111,1);
INSERT INTO student VALUES ('2018169','Mia','Chris','OBrian','Evening','266 Keeler Blvd','3','F6F6F6','Toronto',3333333333,3333333333,8);
INSERT INTO student VALUES ('2018170','Han','Tyrone','Toretto','Evening','41 Harvest Moon Dr','9j','F6F6F6','Markham',5555555555,4444444444,2);
INSERT INTO student VALUES ('2018171','Dominic','Tyler','Walker','Evening','312 Keeler Blvd','3','F6F6F6','Scarborough',4444444444,3333333333,0);
INSERT INTO student VALUES ('2018172','Jason','Chris','Walker','Weekend','443 Harvest Moon Dr','NULL','F6F6F6','Toronto',7777777777,NULL,5);
INSERT INTO student VALUES ('2018173','Mia','Tyler','Statham','Weekend','159 Moringside Ave','NULL','C3C3C3','Scarborough',5555555555,NULL,0);
INSERT INTO student VALUES ('2018174','Brian','Parker','Bourne','Break','9 West Hill Dr','9j','D4D4D4','Scarborough',5555555555,NULL,3);
INSERT INTO student VALUES ('2018175','Han','Reese','OConnor','Break','81 Challenger Crt','NULL','C3C3C3','Markham',4444444444,NULL,6);
INSERT INTO student VALUES ('2018176','Han','Janet','OBrian','Weekend','394 West Hill Dr','NULL','G6G6G6','Scarborough',4444444444,3333333333,5);
INSERT INTO student VALUES ('2018177','Han','Reese','OConnor','Break','439 Challenger Crt','NULL','B2B2B2','Markham',1111111111,NULL,8);
INSERT INTO student VALUES ('2018178','Mia','Leah','Beckford','Break','257 Moringside Ave','9j','F6F6F6','Markham',7777777777,4444444444,4);
INSERT INTO student VALUES ('2018179','Sean','NULL','Toretto','Evening','375 Harvest Moon Dr','409','F6F6F6','Scarborough',2222222222,NULL,6);
INSERT INTO student VALUES ('2018180','Mia','Chris','Santana','Break','103 Challenger Crt','9j','D4D4D4','Markham',4444444444,2222222222,8);
INSERT INTO student VALUES ('2018181','Mia','Tyler','OBrian','Break','265 Moringside Ave','NULL','D4D4D4','Markham',7777777777,NULL,4);
INSERT INTO student VALUES ('2018182','Mia','NULL','Santana','Evening','70 Coleraine Dr','1507','G6G6G6','Toronto',5555555555,NULL,2);
INSERT INTO student VALUES ('2018183','Jason','NULL','Gibson','Break','92 West Hill Dr','409','F6F6F6','Toronto',5555555555,NULL,0);
INSERT INTO student VALUES ('2018184','Mia','Parker','OBrian','Evening','72 Coleraine Dr','31k','G6G6G6','Toronto',4444444444,2222222222,5);
INSERT INTO student VALUES ('2018185','Vince','Janet','Toretto','Evening','339 Harvest Moon Dr','NULL','B2B2B2','Scarborough',1111111111,NULL,3);
INSERT INTO student VALUES ('2018186','Sean','Solo','Beckford','Break','257 Keeler Blvd','NULL','A1A1A1','Markham',5555555555,NULL,6);
INSERT INTO student VALUES ('2018187','Vince','Janet','Statham','Break','276 Moringside Ave','9j','E5E5E5','Toronto',3333333333,4444444444,3);
INSERT INTO student VALUES ('2018188','Vince','Chris','OBrian','Break','250 West Hill Dr','409','C3C3C3','Scarborough',2222222222,NULL,6);
INSERT INTO student VALUES ('2018189','Dominic','Janet','Beckford','Break','486 Harvest Moon Dr','NULL','F6F6F6','Toronto',6666666666,NULL,1);
INSERT INTO student VALUES ('2018190','Sean','Solo','Gibson','Break','213 Harvest Moon Dr','NULL','B2B2B2','Markham',4444444444,NULL,4);
INSERT INTO student VALUES ('2018191','Brian','NULL','Statham','Evening','320 Harvest Moon Dr','NULL','F6F6F6','Markham',6666666666,NULL,7);
INSERT INTO student VALUES ('2018192','Letty','Parker','OConnor','Evening','207 Challenger Crt','NULL','F6F6F6','Toronto',5555555555,3333333333,7);
INSERT INTO student VALUES ('2018193','Han','Janet','Santana','Break','342 Harvest Moon Dr','3','D4D4D4','Markham',5555555555,3333333333,1);
INSERT INTO student VALUES ('2018194','Mia','Leah','OConnor','Evening','456 Moringside Ave','NULL','C3C3C3','Markham',4444444444,1111111111,0);
INSERT INTO student VALUES ('2018195','Jason','Leah','OBrian','Weekend','394 West Hill Dr','409','E5E5E5','Toronto',2222222222,4444444444,2);
INSERT INTO student VALUES ('2018196','Jason','Chris','Sharma','Break','147 Moringside Ave','NULL','B2B2B2','Markham',1111111111,NULL,3);
INSERT INTO student VALUES ('2018197','Jason','Tyler','OConnor','Weekend','406 West Hill Dr','409','D4D4D4','Markham',2222222222,1111111111,1);
INSERT INTO student VALUES ('2018198','Vince','NULL','Sharma','Break','385 Challenger Crt','409','E5E5E5','Toronto',4444444444,NULL,4);
INSERT INTO student VALUES ('2018199','Tyrese','Solo','OConnor','Evening','223 Moringside Ave','NULL','G6G6G6','Toronto',5555555555,4444444444,5);
INSERT INTO student VALUES ('2018200','Mia','Parker','Walker','Weekend','360 Coleraine Dr','NULL','G6G6G6','Toronto',2222222222,1111111111,1);
INSERT INTO student VALUES ('2018201','Tyrese','Leah','Gibson','Evening','26 West Hill Dr','NULL','E5E5E5','Markham',4444444444,1111111111,3);
INSERT INTO student VALUES ('2018202','Tyrese','Leah','Toretto','Weekend','225 West Hill Dr','3','A1A1A1','Toronto',1111111111,NULL,5);
INSERT INTO student VALUES ('2018203','Han','Parker','Gibson','Evening','405 Challenger Crt','9j','D4D4D4','Toronto',2222222222,4444444444,0);
INSERT INTO student VALUES ('2018204','Hobs','NULL','Gibson','Weekend','382 Keeler Blvd','NULL','E5E5E5','Scarborough',4444444444,2222222222,5);
INSERT INTO student VALUES ('2018205','Sean','Leah','Walker','Break','21 West Hill Dr','NULL','B2B2B2','Scarborough',2222222222,2222222222,2);
INSERT INTO student VALUES ('2018206','Sean','Tyrone','OConnor','Evening','355 Harvest Moon Dr','NULL','G6G6G6','Markham',2222222222,1111111111,3);
INSERT INTO student VALUES ('2018207','Brian','Parker','Gibson','Break','483 Challenger Crt','9j','B2B2B2','Markham',4444444444,3333333333,4);
INSERT INTO student VALUES ('2018208','Dominic','NULL','Gibson','Weekend','375 West Hill Dr','3','G6G6G6','Toronto',6666666666,NULL,1);
INSERT INTO student VALUES ('2018209','Letty','NULL','Santana','Break','321 West Hill Dr','1507','B2B2B2','Markham',3333333333,3333333333,8);
INSERT INTO student VALUES ('2018210','Brian','Reese','Toretto','Break','48 Moringside Ave','31k','F6F6F6','Markham',5555555555,NULL,2);
INSERT INTO student VALUES ('2018211','Letty','Solo','OConnor','Weekend','128 Challenger Crt','NULL','G6G6G6','Toronto',7777777777,4444444444,1);
INSERT INTO student VALUES ('2018212','Dominic','NULL','Walker','Break','265 Keeler Blvd','NULL','F6F6F6','Toronto',2222222222,NULL,3);
INSERT INTO student VALUES ('2018213','Dominic','Leah','Statham','Evening','135 Keeler Blvd','1507','E5E5E5','Scarborough',2222222222,NULL,8);
INSERT INTO student VALUES ('2018214','Hobs','Chris','Walker','Weekend','16 Harvest Moon Dr','NULL','G6G6G6','Toronto',6666666666,NULL,5);
INSERT INTO student VALUES ('2018215','Jason','Reese','Sharma','Weekend','422 West Hill Dr','NULL','D4D4D4','Markham',3333333333,4444444444,8);
INSERT INTO student VALUES ('2018216','Sean','Solo','OBrian','Weekend','54 Challenger Crt','3','B2B2B2','Scarborough',6666666666,NULL,2);
INSERT INTO student VALUES ('2018217','Mia','Tyler','Bourne','Weekend','69 Keeler Blvd','NULL','G6G6G6','Markham',4444444444,NULL,2);
INSERT INTO student VALUES ('2018218','Tyrese','Chris','Statham','Break','230 Harvest Moon Dr','NULL','D4D4D4','Toronto',4444444444,NULL,8);
INSERT INTO student VALUES ('2018219','Letty','Reese','Beckford','Break','246 Keeler Blvd','31k','C3C3C3','Scarborough',7777777777,1111111111,5);
INSERT INTO student VALUES ('2018220','Vince','Tyrone','Bourne','Break','448 Coleraine Dr','NULL','F6F6F6','Scarborough',3333333333,3333333333,3);
INSERT INTO student VALUES ('2018221','Han','Parker','Gibson','Weekend','454 Harvest Moon Dr','NULL','A1A1A1','Toronto',7777777777,NULL,2);
INSERT INTO student VALUES ('2018222','Vince','Tyler','Gibson','Weekend','385 Coleraine Dr','NULL','B2B2B2','Markham',3333333333,3333333333,1);
INSERT INTO student VALUES ('2018223','Brian','Tyrone','Walker','Weekend','328 Keeler Blvd','NULL','C3C3C3','Scarborough',1111111111,3333333333,2);
INSERT INTO student VALUES ('2018224','Vince','Tyrone','Santana','Break','371 Moringside Ave','3','A1A1A1','Scarborough',6666666666,NULL,3);
INSERT INTO student VALUES ('2018225','Tyrese','Janet','Sharma','Weekend','372 Harvest Moon Dr','11A','C3C3C3','Toronto',7777777777,4444444444,6);
INSERT INTO student VALUES ('2018226','Vince','Reese','OConnor','Break','348 West Hill Dr','NULL','B2B2B2','Scarborough',7777777777,3333333333,1);
INSERT INTO student VALUES ('2018227','Dominic','Tyler','Gibson','Break','435 Challenger Crt','9j','C3C3C3','Markham',7777777777,4444444444,2);
INSERT INTO student VALUES ('2018228','Brian','Tyler','Gibson','Break','74 Challenger Crt','NULL','G6G6G6','Scarborough',3333333333,1111111111,8);
INSERT INTO student VALUES ('2018229','Dominic','NULL','OBrian','Weekend','286 Challenger Crt','NULL','A1A1A1','Scarborough',3333333333,2222222222,0);
INSERT INTO student VALUES ('2018230','Hobs','Janet','OConnor','Break','447 Challenger Crt','9j','A1A1A1','Toronto',6666666666,3333333333,2);
INSERT INTO student VALUES ('2018231','Hobs','Solo','Statham','Break','334 Moringside Ave','NULL','C3C3C3','Scarborough',7777777777,NULL,4);
INSERT INTO student VALUES ('2018232','Sean','Janet','Walker','Evening','438 Coleraine Dr','1507','D4D4D4','Toronto',4444444444,NULL,6);
INSERT INTO student VALUES ('2018233','Mia','Janet','Gibson','Weekend','83 Coleraine Dr','NULL','F6F6F6','Scarborough',7777777777,NULL,2);
INSERT INTO student VALUES ('2018234','Han','Chris','Santana','Break','346 Challenger Crt','31k','G6G6G6','Toronto',3333333333,NULL,0);
INSERT INTO student VALUES ('2018235','Tyrese','Leah','Beckford','Evening','377 Harvest Moon Dr','31k','G6G6G6','Markham',5555555555,1111111111,4);
INSERT INTO student VALUES ('2018236','Jason','Chris','Statham','Weekend','271 West Hill Dr','409','G6G6G6','Toronto',2222222222,NULL,4);
INSERT INTO student VALUES ('2018237','Jason','Solo','Statham','Break','332 Challenger Crt','NULL','A1A1A1','Markham',3333333333,NULL,4);
INSERT INTO student VALUES ('2018238','Jason','Janet','OConnor','Weekend','498 Harvest Moon Dr','NULL','B2B2B2','Markham',7777777777,NULL,8);
INSERT INTO student VALUES ('2018239','Jason','Chris','Walker','Weekend','177 Moringside Ave','NULL','G6G6G6','Toronto',3333333333,NULL,8);
INSERT INTO student VALUES ('2018240','Dominic','NULL','Statham','Weekend','198 Challenger Crt','NULL','D4D4D4','Markham',1111111111,1111111111,7);
INSERT INTO student VALUES ('2018241','Sean','Reese','Gibson','Weekend','281 Challenger Crt','NULL','E5E5E5','Markham',6666666666,4444444444,5);
INSERT INTO student VALUES ('2018242','Jason','Tyrone','Bourne','Evening','83 Coleraine Dr','9j','C3C3C3','Toronto',6666666666,1111111111,8);
INSERT INTO student VALUES ('2018243','Tyrese','Parker','Sharma','Weekend','117 Keeler Blvd','409','D4D4D4','Scarborough',4444444444,1111111111,6);
INSERT INTO student VALUES ('2018244','Han','NULL','OBrian','Evening','88 Harvest Moon Dr','1507','G6G6G6','Toronto',7777777777,1111111111,3);
INSERT INTO student VALUES ('2018245','Han','Tyrone','Santana','Break','125 Moringside Ave','NULL','A1A1A1','Markham',6666666666,NULL,2);
INSERT INTO student VALUES ('2018246','Dominic','Tyler','Santana','Evening','224 Keeler Blvd','NULL','D4D4D4','Markham',1111111111,NULL,1);
INSERT INTO student VALUES ('2018247','Mia','Parker','Bourne','Evening','461 Moringside Ave','NULL','C3C3C3','Toronto',2222222222,1111111111,1);
INSERT INTO student VALUES ('2018248','Jason','Parker','Santana','Weekend','495 Keeler Blvd','NULL','A1A1A1','Toronto',6666666666,4444444444,1);
INSERT INTO student VALUES ('2018249','Tyrese','Parker','Walker','Break','395 Challenger Crt','NULL','A1A1A1','Markham',5555555555,NULL,0);
INSERT INTO student VALUES ('2018250','Brian','NULL','Sharma','Break','393 Keeler Blvd','NULL','E5E5E5','Markham',6666666666,3333333333,4);
INSERT INTO student VALUES ('2018251','Letty','Parker','Beckford','Weekend','234 West Hill Dr','31k','D4D4D4','Scarborough',4444444444,1111111111,4);
INSERT INTO student VALUES ('2018252','Hobs','Tyrone','Santana','Weekend','341 Challenger Crt','NULL','C3C3C3','Toronto',1111111111,2222222222,7);
INSERT INTO student VALUES ('2018253','Tyrese','Leah','Santana','Evening','311 Harvest Moon Dr','1507','A1A1A1','Toronto',2222222222,4444444444,1);
INSERT INTO student VALUES ('2018254','Jason','Solo','Bourne','Weekend','201 Keeler Blvd','31k','B2B2B2','Toronto',2222222222,4444444444,4);
INSERT INTO student VALUES ('2018255','Brian','Leah','OConnor','Break','200 West Hill Dr','1507','B2B2B2','Toronto',5555555555,NULL,4);
INSERT INTO student VALUES ('2018256','Mia','Tyrone','Santana','Evening','28 Moringside Ave','NULL','B2B2B2','Markham',3333333333,NULL,2);
INSERT INTO student VALUES ('2018257','Dominic','Parker','OBrian','Weekend','425 Challenger Crt','409','F6F6F6','Toronto',1111111111,3333333333,8);
INSERT INTO student VALUES ('2018258','Han','Tyrone','Santana','Break','467 Harvest Moon Dr','NULL','B2B2B2','Toronto',4444444444,3333333333,4);
INSERT INTO student VALUES ('2018259','Dominic','Tyler','Sharma','Evening','495 Coleraine Dr','NULL','C3C3C3','Scarborough',1111111111,4444444444,0);
INSERT INTO student VALUES ('2018260','Tyrese','Reese','Gibson','Break','300 Harvest Moon Dr','NULL','B2B2B2','Toronto',4444444444,NULL,5);
INSERT INTO student VALUES ('2018261','Han','Reese','OBrian','Weekend','145 Keeler Blvd','11A','C3C3C3','Toronto',5555555555,NULL,1);
INSERT INTO student VALUES ('2018262','Hobs','NULL','OBrian','Evening','452 West Hill Dr','409','F6F6F6','Toronto',1111111111,4444444444,8);
INSERT INTO student VALUES ('2018263','Letty','Reese','Sharma','Evening','207 Moringside Ave','NULL','D4D4D4','Markham',7777777777,3333333333,5);
INSERT INTO student VALUES ('2018264','Sean','Parker','Bourne','Evening','487 Challenger Crt','1507','G6G6G6','Markham',5555555555,4444444444,7);
INSERT INTO student VALUES ('2018265','Mia','Chris','Toretto','Break','68 Challenger Crt','409','F6F6F6','Toronto',3333333333,1111111111,8);
INSERT INTO student VALUES ('2018266','Hobs','NULL','Walker','Break','387 Coleraine Dr','409','G6G6G6','Scarborough',4444444444,4444444444,8);
INSERT INTO student VALUES ('2018267','Jason','Leah','Bourne','Break','145 Coleraine Dr','3','G6G6G6','Markham',4444444444,1111111111,7);
INSERT INTO student VALUES ('2018268','Sean','Reese','Gibson','Break','110 Harvest Moon Dr','NULL','A1A1A1','Toronto',3333333333,4444444444,6);
INSERT INTO student VALUES ('2018269','Tyrese','NULL','Bourne','Evening','386 Challenger Crt','11A','A1A1A1','Toronto',6666666666,NULL,6);
INSERT INTO student VALUES ('2018270','Tyrese','Reese','Bourne','Weekend','345 Challenger Crt','11A','G6G6G6','Markham',5555555555,3333333333,4);
INSERT INTO student VALUES ('2018271','Letty','Parker','Walker','Weekend','409 Harvest Moon Dr','1507','E5E5E5','Toronto',5555555555,NULL,0);
INSERT INTO student VALUES ('2018272','Vince','Tyler','Sharma','Weekend','391 Harvest Moon Dr','31k','D4D4D4','Scarborough',3333333333,NULL,5);
INSERT INTO student VALUES ('2018273','Tyrese','Reese','Bourne','Evening','499 Moringside Ave','NULL','F6F6F6','Scarborough',5555555555,NULL,3);
INSERT INTO student VALUES ('2018274','Han','Parker','Toretto','Break','101 Moringside Ave','409','D4D4D4','Scarborough',1111111111,NULL,6);
INSERT INTO student VALUES ('2018275','Jason','Leah','Santana','Evening','202 Coleraine Dr','NULL','E5E5E5','Toronto',7777777777,NULL,5);
INSERT INTO student VALUES ('2018276','Hobs','Reese','Bourne','Break','65 West Hill Dr','NULL','E5E5E5','Markham',5555555555,NULL,1);
INSERT INTO student VALUES ('2018277','Mia','Reese','Beckford','Break','485 Moringside Ave','NULL','A1A1A1','Scarborough',2222222222,NULL,2);
INSERT INTO student VALUES ('2018278','Vince','Tyler','Walker','Weekend','42 Keeler Blvd','1507','B2B2B2','Markham',4444444444,NULL,4);
INSERT INTO student VALUES ('2018279','Sean','NULL','Toretto','Evening','397 West Hill Dr','NULL','G6G6G6','Toronto',2222222222,NULL,4);
INSERT INTO student VALUES ('2018280','Jason','Tyler','Sharma','Break','14 Moringside Ave','409','G6G6G6','Toronto',3333333333,1111111111,1);
INSERT INTO student VALUES ('2018281','Brian','Parker','Statham','Break','144 Coleraine Dr','NULL','C3C3C3','Toronto',1111111111,NULL,7);
INSERT INTO student VALUES ('2018282','Letty','Chris','Gibson','Evening','353 Coleraine Dr','NULL','C3C3C3','Toronto',2222222222,2222222222,7);
INSERT INTO student VALUES ('2018283','Jason','Tyrone','Sharma','Break','408 Coleraine Dr','9j','B2B2B2','Toronto',5555555555,NULL,8);
INSERT INTO student VALUES ('2018284','Han','Chris','Gibson','Break','273 West Hill Dr','NULL','D4D4D4','Scarborough',2222222222,NULL,2);
INSERT INTO student VALUES ('2018285','Mia','Reese','Statham','Break','172 Keeler Blvd','NULL','B2B2B2','Toronto',7777777777,1111111111,8);
INSERT INTO student VALUES ('2018286','Vince','Tyrone','Santana','Break','240 Harvest Moon Dr','NULL','E5E5E5','Markham',7777777777,2222222222,1);
INSERT INTO student VALUES ('2018287','Mia','Tyrone','Walker','Weekend','242 West Hill Dr','3','E5E5E5','Toronto',7777777777,1111111111,2);
INSERT INTO student VALUES ('2018288','Vince','Tyler','Gibson','Weekend','114 Keeler Blvd','NULL','F6F6F6','Scarborough',3333333333,1111111111,1);
INSERT INTO student VALUES ('2018289','Tyrese','Leah','Sharma','Break','401 West Hill Dr','9j','F6F6F6','Scarborough',7777777777,NULL,4);
INSERT INTO student VALUES ('2018290','Jason','Solo','Bourne','Evening','277 Coleraine Dr','9j','F6F6F6','Scarborough',5555555555,3333333333,8);
INSERT INTO student VALUES ('2018291','Brian','NULL','Sharma','Evening','347 West Hill Dr','3','A1A1A1','Scarborough',4444444444,NULL,7);
INSERT INTO student VALUES ('2018292','Letty','Chris','Toretto','Break','86 Harvest Moon Dr','NULL','B2B2B2','Markham',7777777777,NULL,6);
INSERT INTO student VALUES ('2018293','Mia','NULL','Walker','Break','390 West Hill Dr','11A','B2B2B2','Toronto',2222222222,NULL,1);
INSERT INTO student VALUES ('2018294','Brian','Reese','Walker','Evening','263 West Hill Dr','NULL','C3C3C3','Scarborough',1111111111,NULL,4);
INSERT INTO student VALUES ('2018295','Brian','Tyrone','Sharma','Break','238 Moringside Ave','3','E5E5E5','Scarborough',4444444444,NULL,1);
INSERT INTO student VALUES ('2018296','Han','Chris','Sharma','Evening','276 Coleraine Dr','NULL','A1A1A1','Toronto',7777777777,1111111111,8);
INSERT INTO student VALUES ('2018297','Letty','Leah','Statham','Break','178 Keeler Blvd','NULL','E5E5E5','Markham',1111111111,3333333333,0);
INSERT INTO student VALUES ('2018298','Letty','Reese','OConnor','Break','208 Harvest Moon Dr','409','A1A1A1','Scarborough',7777777777,2222222222,8);
INSERT INTO student VALUES ('2018299','Hobs','NULL','Sharma','Evening','400 Challenger Crt','9j','F6F6F6','Scarborough',7777777777,NULL,4);
INSERT INTO student VALUES ('2018300','Dominic','Solo','Statham','Break','155 Harvest Moon Dr','NULL','G6G6G6','Markham',1111111111,NULL,4);
INSERT INTO student VALUES ('2018301','Brian','Chris','Bourne','Evening','486 Challenger Crt','NULL','D4D4D4','Scarborough',6666666666,NULL,7);
INSERT INTO student VALUES ('2018302','Brian','NULL','Gibson','Weekend','13 Coleraine Dr','NULL','B2B2B2','Markham',2222222222,NULL,7);
INSERT INTO student VALUES ('2018303','Brian','Solo','OConnor','Evening','475 Harvest Moon Dr','11A','E5E5E5','Scarborough',7777777777,NULL,6);
INSERT INTO student VALUES ('2018304','Han','Tyrone','Santana','Evening','261 Harvest Moon Dr','NULL','A1A1A1','Markham',5555555555,3333333333,6);
INSERT INTO student VALUES ('2018305','Sean','Chris','Sharma','Evening','314 Challenger Crt','NULL','A1A1A1','Markham',5555555555,NULL,6);
INSERT INTO student VALUES ('2018306','Jason','Solo','Toretto','Evening','339 Coleraine Dr','9j','D4D4D4','Toronto',6666666666,NULL,7);
INSERT INTO student VALUES ('2018307','Hobs','Leah','OBrian','Weekend','408 Moringside Ave','NULL','A1A1A1','Toronto',6666666666,4444444444,1);
INSERT INTO student VALUES ('2018308','Letty','Reese','OConnor','Evening','73 Coleraine Dr','409','D4D4D4','Scarborough',6666666666,NULL,1);
INSERT INTO student VALUES ('2018309','Letty','Reese','OConnor','Break','59 Coleraine Dr','3','B2B2B2','Scarborough',1111111111,2222222222,7);
INSERT INTO student VALUES ('2018310','Sean','NULL','Gibson','Break','422 Moringside Ave','3','C3C3C3','Toronto',5555555555,NULL,0);
INSERT INTO student VALUES ('2018311','Mia','NULL','Toretto','Weekend','471 Keeler Blvd','NULL','F6F6F6','Markham',6666666666,NULL,0);
INSERT INTO student VALUES ('2018312','Han','Tyrone','Statham','Weekend','114 West Hill Dr','31k','G6G6G6','Scarborough',5555555555,NULL,7);
INSERT INTO student VALUES ('2018313','Dominic','Tyrone','Beckford','Break','313 Keeler Blvd','31k','A1A1A1','Markham',1111111111,3333333333,7);
INSERT INTO student VALUES ('2018314','Han','Leah','OBrian','Weekend','105 Challenger Crt','NULL','C3C3C3','Markham',3333333333,NULL,4);
INSERT INTO student VALUES ('2018315','Han','Parker','Gibson','Evening','39 Challenger Crt','11A','E5E5E5','Markham',2222222222,4444444444,1);
INSERT INTO student VALUES ('2018316','Letty','Janet','Gibson','Weekend','317 Challenger Crt','409','B2B2B2','Markham',6666666666,4444444444,7);
INSERT INTO student VALUES ('2018317','Han','Leah','Santana','Weekend','183 West Hill Dr','3','C3C3C3','Toronto',4444444444,NULL,3);
INSERT INTO student VALUES ('2018318','Dominic','NULL','OConnor','Evening','452 Harvest Moon Dr','409','F6F6F6','Scarborough',2222222222,3333333333,4);
INSERT INTO student VALUES ('2018319','Han','Tyler','Beckford','Weekend','31 Keeler Blvd','NULL','E5E5E5','Toronto',1111111111,2222222222,8);
INSERT INTO student VALUES ('2018320','Mia','Parker','OConnor','Break','107 Moringside Ave','31k','A1A1A1','Markham',6666666666,1111111111,5);
INSERT INTO student VALUES ('2018321','Vince','Tyler','Statham','Weekend','154 Keeler Blvd','NULL','D4D4D4','Markham',3333333333,NULL,2);
INSERT INTO student VALUES ('2018322','Dominic','Janet','Toretto','Evening','150 West Hill Dr','3','C3C3C3','Markham',2222222222,2222222222,1);
INSERT INTO student VALUES ('2018323','Vince','Solo','Statham','Evening','140 West Hill Dr','NULL','C3C3C3','Toronto',6666666666,4444444444,1);
INSERT INTO student VALUES ('2018324','Letty','Tyler','Statham','Evening','48 Coleraine Dr','11A','C3C3C3','Markham',4444444444,2222222222,8);
INSERT INTO student VALUES ('2018325','Hobs','Chris','Sharma','Evening','64 Keeler Blvd','11A','C3C3C3','Markham',4444444444,NULL,4);
INSERT INTO student VALUES ('2018326','Han','Tyler','Sharma','Weekend','354 Coleraine Dr','11A','A1A1A1','Toronto',2222222222,4444444444,7);
INSERT INTO student VALUES ('2018327','Brian','Leah','Sharma','Evening','336 Challenger Crt','NULL','B2B2B2','Toronto',1111111111,NULL,2);
INSERT INTO student VALUES ('2018328','Tyrese','Reese','OBrian','Break','112 West Hill Dr','3','B2B2B2','Scarborough',1111111111,NULL,8);
INSERT INTO student VALUES ('2018329','Mia','Chris','Gibson','Weekend','473 Challenger Crt','NULL','G6G6G6','Markham',4444444444,NULL,4);
INSERT INTO student VALUES ('2018330','Hobs','Solo','Bourne','Evening','231 Coleraine Dr','NULL','B2B2B2','Scarborough',3333333333,1111111111,5);
INSERT INTO student VALUES ('2018331','Hobs','Chris','Toretto','Weekend','246 Keeler Blvd','1507','G6G6G6','Scarborough',7777777777,2222222222,6);
INSERT INTO student VALUES ('2018332','Sean','Tyrone','Beckford','Weekend','462 West Hill Dr','NULL','G6G6G6','Markham',2222222222,1111111111,3);
INSERT INTO student VALUES ('2018333','Tyrese','NULL','Statham','Evening','342 Challenger Crt','11A','G6G6G6','Scarborough',4444444444,NULL,7);
INSERT INTO student VALUES ('2018334','Tyrese','NULL','Gibson','Weekend','39 Coleraine Dr','NULL','B2B2B2','Toronto',1111111111,1111111111,4);
INSERT INTO student VALUES ('2018335','Hobs','Leah','Bourne','Evening','92 Challenger Crt','NULL','F6F6F6','Toronto',6666666666,1111111111,7);
INSERT INTO student VALUES ('2018336','Brian','Chris','OConnor','Break','292 Harvest Moon Dr','409','G6G6G6','Toronto',5555555555,NULL,0);
INSERT INTO student VALUES ('2018337','Hobs','Tyler','Santana','Weekend','59 Keeler Blvd','NULL','E5E5E5','Scarborough',7777777777,NULL,4);
INSERT INTO student VALUES ('2018338','Jason','Janet','OConnor','Evening','285 Harvest Moon Dr','409','F6F6F6','Toronto',6666666666,2222222222,8);
INSERT INTO student VALUES ('2018339','Sean','Tyrone','Statham','Break','347 Moringside Ave','31k','G6G6G6','Scarborough',1111111111,3333333333,4);
INSERT INTO student VALUES ('2018340','Mia','Solo','OBrian','Evening','55 Moringside Ave','NULL','G6G6G6','Toronto',3333333333,NULL,3);
INSERT INTO student VALUES ('2018341','Jason','Reese','Beckford','Weekend','70 Keeler Blvd','NULL','E5E5E5','Markham',2222222222,NULL,6);
INSERT INTO student VALUES ('2018342','Tyrese','Tyrone','OBrian','Break','372 Challenger Crt','31k','C3C3C3','Toronto',5555555555,2222222222,2);
INSERT INTO student VALUES ('2018343','Brian','NULL','Gibson','Evening','230 Challenger Crt','409','C3C3C3','Scarborough',7777777777,3333333333,1);
INSERT INTO student VALUES ('2018344','Vince','Chris','Sharma','Evening','259 Moringside Ave','NULL','A1A1A1','Markham',7777777777,NULL,6);
INSERT INTO student VALUES ('2018345','Tyrese','Reese','Beckford','Break','39 Coleraine Dr','NULL','G6G6G6','Toronto',3333333333,2222222222,5);
INSERT INTO student VALUES ('2018346','Vince','NULL','Walker','Evening','248 West Hill Dr','NULL','D4D4D4','Scarborough',2222222222,4444444444,7);
INSERT INTO student VALUES ('2018347','Brian','Parker','Walker','Break','224 Keeler Blvd','NULL','G6G6G6','Markham',5555555555,1111111111,3);
INSERT INTO student VALUES ('2018348','Vince','Leah','Santana','Break','54 Challenger Crt','NULL','E5E5E5','Scarborough',7777777777,NULL,6);
INSERT INTO student VALUES ('2018349','Tyrese','Leah','Bourne','Break','72 Harvest Moon Dr','11A','D4D4D4','Scarborough',5555555555,3333333333,2);
INSERT INTO student VALUES ('2018350','Mia','Parker','Walker','Weekend','264 Moringside Ave','NULL','B2B2B2','Toronto',4444444444,NULL,2);
INSERT INTO student VALUES ('2018351','Hobs','Chris','Toretto','Evening','37 West Hill Dr','31k','E5E5E5','Markham',1111111111,2222222222,2);
INSERT INTO student VALUES ('2018352','Dominic','Janet','Statham','Evening','36 West Hill Dr','11A','B2B2B2','Scarborough',2222222222,4444444444,2);
INSERT INTO student VALUES ('2018353','Hobs','Solo','Walker','Evening','467 Keeler Blvd','11A','F6F6F6','Markham',6666666666,1111111111,1);
INSERT INTO student VALUES ('2018354','Dominic','Janet','Statham','Weekend','216 Challenger Crt','1507','G6G6G6','Markham',1111111111,1111111111,2);
INSERT INTO student VALUES ('2018355','Mia','Parker','Statham','Weekend','93 Keeler Blvd','NULL','F6F6F6','Markham',3333333333,NULL,1);
INSERT INTO student VALUES ('2018356','Vince','Tyler','Sharma','Evening','340 West Hill Dr','11A','B2B2B2','Scarborough',1111111111,NULL,3);
INSERT INTO student VALUES ('2018357','Hobs','NULL','Santana','Weekend','390 West Hill Dr','409','B2B2B2','Scarborough',6666666666,NULL,0);
INSERT INTO student VALUES ('2018358','Vince','NULL','Santana','Break','44 Moringside Ave','NULL','F6F6F6','Toronto',2222222222,1111111111,5);
INSERT INTO student VALUES ('2018359','Hobs','NULL','Walker','Evening','332 Moringside Ave','NULL','B2B2B2','Toronto',6666666666,2222222222,5);
INSERT INTO student VALUES ('2018360','Hobs','Leah','Santana','Break','16 West Hill Dr','3','E5E5E5','Toronto',4444444444,2222222222,6);
INSERT INTO student VALUES ('2018361','Tyrese','Reese','Statham','Weekend','111 Challenger Crt','11A','B2B2B2','Markham',4444444444,3333333333,0);
INSERT INTO student VALUES ('2018362','Vince','NULL','Toretto','Weekend','331 Harvest Moon Dr','31k','A1A1A1','Scarborough',7777777777,NULL,6);
INSERT INTO student VALUES ('2018363','Mia','Solo','OBrian','Evening','338 Coleraine Dr','NULL','C3C3C3','Toronto',7777777777,NULL,5);
INSERT INTO student VALUES ('2018364','Tyrese','Chris','Sharma','Break','135 Coleraine Dr','NULL','E5E5E5','Scarborough',6666666666,2222222222,2);
INSERT INTO student VALUES ('2018365','Letty','NULL','Sharma','Weekend','480 West Hill Dr','3','E5E5E5','Markham',1111111111,2222222222,8);
INSERT INTO student VALUES ('2018366','Jason','Tyrone','Gibson','Break','473 Moringside Ave','9j','E5E5E5','Scarborough',7777777777,NULL,6);
INSERT INTO student VALUES ('2018367','Hobs','Reese','Santana','Evening','250 Coleraine Dr','31k','D4D4D4','Scarborough',2222222222,2222222222,2);
INSERT INTO student VALUES ('2018368','Vince','Tyrone','Sharma','Weekend','324 Challenger Crt','11A','C3C3C3','Markham',3333333333,NULL,2);
INSERT INTO student VALUES ('2018369','Letty','Parker','Santana','Break','157 Harvest Moon Dr','NULL','F6F6F6','Toronto',6666666666,3333333333,0);
INSERT INTO student VALUES ('2018370','Letty','Parker','Gibson','Evening','219 Harvest Moon Dr','NULL','B2B2B2','Markham',2222222222,2222222222,8);
INSERT INTO student VALUES ('2018371','Vince','Reese','OConnor','Break','208 Harvest Moon Dr','1507','B2B2B2','Toronto',3333333333,NULL,5);
INSERT INTO student VALUES ('2018372','Sean','Janet','Santana','Break','123 Challenger Crt','NULL','E5E5E5','Markham',6666666666,3333333333,5);
INSERT INTO student VALUES ('2018373','Dominic','Reese','Statham','Evening','257 Harvest Moon Dr','NULL','A1A1A1','Scarborough',3333333333,NULL,8);
INSERT INTO student VALUES ('2018374','Vince','NULL','Sharma','Evening','167 Challenger Crt','NULL','C3C3C3','Toronto',2222222222,3333333333,4);
INSERT INTO student VALUES ('2018375','Vince','Janet','Walker','Evening','398 Coleraine Dr','3','F6F6F6','Scarborough',3333333333,NULL,5);
INSERT INTO student VALUES ('2018376','Vince','Leah','Santana','Weekend','223 Moringside Ave','1507','G6G6G6','Toronto',3333333333,3333333333,7);
INSERT INTO student VALUES ('2018377','Mia','Tyrone','Walker','Break','370 Challenger Crt','1507','F6F6F6','Scarborough',4444444444,2222222222,6);
INSERT INTO student VALUES ('2018378','Letty','Solo','Santana','Weekend','188 Harvest Moon Dr','11A','E5E5E5','Markham',7777777777,3333333333,3);
INSERT INTO student VALUES ('2018379','Vince','NULL','OBrian','Evening','298 Keeler Blvd','11A','A1A1A1','Scarborough',2222222222,NULL,2);
INSERT INTO student VALUES ('2018380','Vince','Solo','Sharma','Weekend','71 Keeler Blvd','31k','G6G6G6','Scarborough',6666666666,3333333333,4);
INSERT INTO student VALUES ('2018381','Hobs','Tyrone','Gibson','Break','281 West Hill Dr','NULL','D4D4D4','Markham',4444444444,NULL,5);
INSERT INTO student VALUES ('2018382','Vince','Chris','Sharma','Break','278 West Hill Dr','3','G6G6G6','Scarborough',7777777777,1111111111,3);
INSERT INTO student VALUES ('2018383','Mia','Tyrone','Beckford','Evening','217 Coleraine Dr','NULL','A1A1A1','Markham',7777777777,NULL,2);
INSERT INTO student VALUES ('2018384','Tyrese','Tyrone','Walker','Evening','16 Coleraine Dr','3','D4D4D4','Toronto',7777777777,1111111111,2);
INSERT INTO student VALUES ('2018385','Han','Parker','Santana','Evening','115 West Hill Dr','NULL','F6F6F6','Scarborough',4444444444,1111111111,3);
INSERT INTO student VALUES ('2018386','Han','Tyler','OConnor','Break','281 Harvest Moon Dr','31k','B2B2B2','Markham',5555555555,NULL,6);
INSERT INTO student VALUES ('2018387','Jason','NULL','Beckford','Evening','283 Moringside Ave','31k','E5E5E5','Markham',5555555555,2222222222,7);
INSERT INTO student VALUES ('2018388','Hobs','NULL','Sharma','Weekend','482 Moringside Ave','9j','D4D4D4','Markham',4444444444,4444444444,8);
INSERT INTO student VALUES ('2018389','Tyrese','Tyrone','OBrian','Weekend','77 Coleraine Dr','NULL','F6F6F6','Scarborough',2222222222,2222222222,2);
INSERT INTO student VALUES ('2018390','Vince','NULL','Walker','Evening','49 Harvest Moon Dr','409','F6F6F6','Toronto',1111111111,NULL,7);
INSERT INTO student VALUES ('2018391','Letty','Parker','Beckford','Break','375 Harvest Moon Dr','409','B2B2B2','Toronto',3333333333,4444444444,8);
INSERT INTO student VALUES ('2018392','Sean','NULL','OConnor','Break','47 Moringside Ave','31k','B2B2B2','Markham',4444444444,1111111111,5);
INSERT INTO student VALUES ('2018393','Han','Tyler','Toretto','Break','440 Moringside Ave','1507','D4D4D4','Toronto',2222222222,3333333333,0);
INSERT INTO student VALUES ('2018394','Letty','Tyrone','Santana','Evening','172 West Hill Dr','NULL','E5E5E5','Toronto',5555555555,3333333333,4);
INSERT INTO student VALUES ('2018395','Tyrese','Parker','Walker','Evening','482 Harvest Moon Dr','NULL','F6F6F6','Scarborough',6666666666,NULL,8);
INSERT INTO student VALUES ('2018396','Mia','NULL','Beckford','Weekend','310 Harvest Moon Dr','1507','G6G6G6','Markham',6666666666,NULL,5);
INSERT INTO student VALUES ('2018397','Letty','Chris','Gibson','Break','316 Coleraine Dr','NULL','C3C3C3','Markham',1111111111,NULL,1);
INSERT INTO student VALUES ('2018398','Vince','Tyrone','Bourne','Break','209 Keeler Blvd','3','G6G6G6','Markham',6666666666,4444444444,2);
INSERT INTO student VALUES ('2018399','Letty','NULL','Bourne','Weekend','470 Harvest Moon Dr','NULL','C3C3C3','Scarborough',6666666666,3333333333,8);
INSERT INTO student VALUES ('2018400','Hobs','Chris','Santana','Break','231 Coleraine Dr','409','F6F6F6','Toronto',6666666666,2222222222,2);
INSERT INTO student VALUES ('2018401','Brian','Reese','Beckford','Break','365 Coleraine Dr','NULL','E5E5E5','Scarborough',1111111111,3333333333,2);
INSERT INTO student VALUES ('2018402','Brian','NULL','Statham','Break','394 Keeler Blvd','11A','A1A1A1','Toronto',3333333333,NULL,7);
INSERT INTO student VALUES ('2018403','Vince','NULL','Beckford','Evening','73 Coleraine Dr','NULL','D4D4D4','Toronto',7777777777,4444444444,6);
INSERT INTO student VALUES ('2018404','Brian','Parker','Bourne','Weekend','162 West Hill Dr','NULL','G6G6G6','Scarborough',1111111111,3333333333,1);
INSERT INTO student VALUES ('2018405','Letty','Janet','Bourne','Weekend','253 Challenger Crt','9j','C3C3C3','Markham',6666666666,NULL,4);
INSERT INTO student VALUES ('2018406','Mia','Janet','Toretto','Weekend','65 Keeler Blvd','9j','A1A1A1','Markham',6666666666,1111111111,4);
INSERT INTO student VALUES ('2018407','Letty','Leah','Bourne','Weekend','367 Coleraine Dr','3','C3C3C3','Toronto',5555555555,NULL,6);
INSERT INTO student VALUES ('2018408','Sean','Tyler','Toretto','Weekend','424 Challenger Crt','9j','A1A1A1','Markham',3333333333,1111111111,6);
INSERT INTO student VALUES ('2018409','Vince','Janet','Sharma','Break','173 Coleraine Dr','31k','C3C3C3','Markham',1111111111,1111111111,8);
INSERT INTO student VALUES ('2018410','Letty','NULL','OConnor','Break','61 West Hill Dr','NULL','C3C3C3','Markham',5555555555,NULL,2);
INSERT INTO student VALUES ('2018411','Dominic','Parker','Sharma','Break','146 West Hill Dr','NULL','C3C3C3','Markham',7777777777,1111111111,4);
INSERT INTO student VALUES ('2018412','Brian','NULL','Santana','Break','297 Challenger Crt','31k','C3C3C3','Scarborough',4444444444,3333333333,4);
INSERT INTO student VALUES ('2018413','Tyrese','NULL','Bourne','Weekend','244 Coleraine Dr','31k','A1A1A1','Markham',1111111111,3333333333,4);
INSERT INTO student VALUES ('2018414','Brian','NULL','Santana','Evening','229 Harvest Moon Dr','NULL','A1A1A1','Scarborough',2222222222,1111111111,7);
INSERT INTO student VALUES ('2018415','Brian','Tyler','OBrian','Break','43 Challenger Crt','NULL','G6G6G6','Scarborough',1111111111,4444444444,8);
INSERT INTO student VALUES ('2018416','Letty','Leah','OBrian','Weekend','293 Coleraine Dr','11A','F6F6F6','Markham',7777777777,NULL,2);
INSERT INTO student VALUES ('2018417','Letty','Tyrone','OConnor','Evening','426 Moringside Ave','NULL','C3C3C3','Toronto',5555555555,2222222222,6);
INSERT INTO student VALUES ('2018418','Dominic','Janet','Walker','Evening','276 Harvest Moon Dr','409','D4D4D4','Scarborough',1111111111,NULL,5);
INSERT INTO student VALUES ('2018419','Jason','Reese','Bourne','Weekend','237 Keeler Blvd','NULL','G6G6G6','Markham',7777777777,NULL,1);
INSERT INTO student VALUES ('2018420','Hobs','Leah','Bourne','Evening','356 Keeler Blvd','NULL','G6G6G6','Toronto',2222222222,NULL,6);
INSERT INTO student VALUES ('2018421','Han','Solo','Beckford','Evening','206 Moringside Ave','3','G6G6G6','Toronto',3333333333,NULL,7);
INSERT INTO student VALUES ('2018422','Sean','Solo','Gibson','Break','117 Challenger Crt','1507','C3C3C3','Toronto',3333333333,NULL,1);
INSERT INTO student VALUES ('2018423','Letty','NULL','Santana','Evening','90 Coleraine Dr','NULL','E5E5E5','Scarborough',7777777777,3333333333,8);
INSERT INTO student VALUES ('2018424','Dominic','Tyrone','Statham','Evening','229 West Hill Dr','NULL','B2B2B2','Markham',5555555555,1111111111,8);
INSERT INTO student VALUES ('2018425','Vince','NULL','Beckford','Weekend','409 Coleraine Dr','11A','G6G6G6','Scarborough',6666666666,4444444444,8);
INSERT INTO student VALUES ('2018426','Han','Chris','Toretto','Break','423 Keeler Blvd','NULL','B2B2B2','Markham',2222222222,NULL,7);
INSERT INTO student VALUES ('2018427','Jason','Tyler','Toretto','Evening','153 Keeler Blvd','409','G6G6G6','Markham',5555555555,NULL,5);
INSERT INTO student VALUES ('2018428','Letty','Tyrone','Sharma','Break','429 Moringside Ave','1507','B2B2B2','Toronto',1111111111,2222222222,4);
INSERT INTO student VALUES ('2018429','Letty','NULL','Gibson','Weekend','173 Coleraine Dr','NULL','E5E5E5','Toronto',7777777777,NULL,8);
INSERT INTO student VALUES ('2018430','Hobs','Leah','Statham','Break','144 Moringside Ave','9j','B2B2B2','Toronto',6666666666,NULL,3);
INSERT INTO student VALUES ('2018431','Han','NULL','Beckford','Weekend','103 West Hill Dr','409','D4D4D4','Markham',2222222222,NULL,5);
INSERT INTO student VALUES ('2018432','Mia','NULL','Toretto','Weekend','109 Moringside Ave','3','G6G6G6','Scarborough',2222222222,1111111111,6);
INSERT INTO student VALUES ('2018433','Letty','Janet','Gibson','Evening','127 Keeler Blvd','1507','E5E5E5','Toronto',3333333333,NULL,8);
INSERT INTO student VALUES ('2018434','Jason','Reese','Toretto','Evening','12 Coleraine Dr','NULL','B2B2B2','Markham',6666666666,1111111111,8);
INSERT INTO student VALUES ('2018435','Brian','Janet','Sharma','Evening','250 West Hill Dr','3','E5E5E5','Toronto',4444444444,4444444444,5);
INSERT INTO student VALUES ('2018436','Hobs','Solo','Beckford','Evening','146 West Hill Dr','1507','E5E5E5','Scarborough',4444444444,NULL,6);
INSERT INTO student VALUES ('2018437','Brian','Tyler','Walker','Weekend','339 Harvest Moon Dr','409','E5E5E5','Markham',4444444444,3333333333,1);
INSERT INTO student VALUES ('2018438','Mia','NULL','Bourne','Evening','140 Coleraine Dr','3','E5E5E5','Markham',2222222222,NULL,7);
INSERT INTO student VALUES ('2018439','Brian','Leah','OBrian','Evening','179 Moringside Ave','11A','G6G6G6','Toronto',5555555555,3333333333,5);
INSERT INTO student VALUES ('2018440','Jason','Solo','Statham','Evening','303 Challenger Crt','11A','F6F6F6','Toronto',4444444444,NULL,3);
INSERT INTO student VALUES ('2018441','Vince','NULL','OBrian','Weekend','146 West Hill Dr','NULL','D4D4D4','Markham',6666666666,1111111111,8);
INSERT INTO student VALUES ('2018442','Letty','NULL','Beckford','Weekend','262 Challenger Crt','NULL','F6F6F6','Scarborough',3333333333,1111111111,2);
INSERT INTO student VALUES ('2018443','Mia','Parker','Beckford','Break','465 Keeler Blvd','NULL','G6G6G6','Scarborough',2222222222,NULL,5);
INSERT INTO student VALUES ('2018444','Tyrese','Chris','Toretto','Break','468 West Hill Dr','NULL','G6G6G6','Toronto',3333333333,NULL,8);
INSERT INTO student VALUES ('2018445','Tyrese','NULL','Toretto','Evening','440 Harvest Moon Dr','NULL','F6F6F6','Scarborough',6666666666,1111111111,8);
INSERT INTO student VALUES ('2018446','Brian','NULL','Bourne','Break','172 West Hill Dr','409','A1A1A1','Scarborough',4444444444,4444444444,8);
INSERT INTO student VALUES ('2018447','Letty','NULL','Sharma','Evening','165 West Hill Dr','1507','C3C3C3','Scarborough',5555555555,NULL,8);
INSERT INTO student VALUES ('2018448','Dominic','Reese','Santana','Evening','40 West Hill Dr','NULL','E5E5E5','Toronto',4444444444,NULL,2);
INSERT INTO student VALUES ('2018449','Han','NULL','Sharma','Weekend','356 Harvest Moon Dr','NULL','B2B2B2','Toronto',1111111111,NULL,0);
INSERT INTO student VALUES ('2018450','Dominic','Chris','Walker','Evening','399 Coleraine Dr','NULL','A1A1A1','Scarborough',5555555555,NULL,6);
INSERT INTO student VALUES ('2018451','Han','Parker','OBrian','Break','60 West Hill Dr','31k','F6F6F6','Markham',7777777777,2222222222,7);
INSERT INTO student VALUES ('2018452','Mia','Chris','OBrian','Break','252 Keeler Blvd','NULL','D4D4D4','Toronto',1111111111,2222222222,2);
INSERT INTO student VALUES ('2018453','Jason','NULL','Gibson','Evening','99 Coleraine Dr','NULL','B2B2B2','Toronto',4444444444,NULL,7);
INSERT INTO student VALUES ('2018454','Sean','Leah','Beckford','Break','317 Moringside Ave','409','A1A1A1','Markham',6666666666,2222222222,3);
INSERT INTO student VALUES ('2018455','Hobs','Leah','Gibson','Weekend','306 Coleraine Dr','9j','A1A1A1','Scarborough',6666666666,NULL,8);
INSERT INTO student VALUES ('2018456','Brian','NULL','Santana','Break','137 Harvest Moon Dr','1507','E5E5E5','Markham',2222222222,NULL,0);
INSERT INTO student VALUES ('2018457','Sean','Janet','OConnor','Break','232 Coleraine Dr','NULL','E5E5E5','Scarborough',6666666666,NULL,2);
INSERT INTO student VALUES ('2018458','Brian','Parker','OConnor','Evening','341 West Hill Dr','NULL','D4D4D4','Markham',1111111111,2222222222,2);
INSERT INTO student VALUES ('2018459','Tyrese','Janet','Toretto','Weekend','393 Coleraine Dr','NULL','E5E5E5','Scarborough',6666666666,NULL,7);
INSERT INTO student VALUES ('2018460','Hobs','Reese','Beckford','Evening','76 West Hill Dr','NULL','F6F6F6','Toronto',4444444444,NULL,1);
INSERT INTO student VALUES ('2018461','Letty','Chris','Beckford','Weekend','96 Challenger Crt','31k','E5E5E5','Markham',6666666666,NULL,3);
INSERT INTO student VALUES ('2018462','Jason','NULL','Toretto','Break','337 Harvest Moon Dr','NULL','E5E5E5','Toronto',5555555555,1111111111,5);
INSERT INTO student VALUES ('2018463','Dominic','Leah','Statham','Break','187 Coleraine Dr','NULL','B2B2B2','Markham',5555555555,1111111111,0);
INSERT INTO student VALUES ('2018464','Sean','NULL','Statham','Weekend','133 Coleraine Dr','NULL','F6F6F6','Markham',7777777777,1111111111,7);
INSERT INTO student VALUES ('2018465','Letty','Leah','Toretto','Weekend','255 Challenger Crt','31k','B2B2B2','Toronto',7777777777,NULL,4);
INSERT INTO student VALUES ('2018466','Sean','Tyler','Sharma','Evening','354 Moringside Ave','NULL','C3C3C3','Scarborough',3333333333,NULL,5);
INSERT INTO student VALUES ('2018467','Han','Tyler','OConnor','Evening','62 Harvest Moon Dr','31k','F6F6F6','Scarborough',1111111111,2222222222,1);
INSERT INTO student VALUES ('2018468','Letty','Tyrone','Toretto','Weekend','335 Challenger Crt','NULL','A1A1A1','Markham',1111111111,NULL,2);
INSERT INTO student VALUES ('2018469','Sean','Parker','Walker','Evening','172 Coleraine Dr','409','B2B2B2','Markham',4444444444,NULL,0);
INSERT INTO student VALUES ('2018470','Han','NULL','Gibson','Weekend','457 Keeler Blvd','NULL','G6G6G6','Scarborough',1111111111,1111111111,7);
INSERT INTO student VALUES ('2018471','Jason','Chris','OBrian','Weekend','27 Coleraine Dr','NULL','A1A1A1','Scarborough',3333333333,NULL,7);
INSERT INTO student VALUES ('2018472','Brian','Reese','OConnor','Break','155 Challenger Crt','NULL','C3C3C3','Scarborough',6666666666,NULL,1);
INSERT INTO student VALUES ('2018473','Tyrese','Tyler','Walker','Weekend','348 Moringside Ave','NULL','D4D4D4','Scarborough',5555555555,NULL,7);
INSERT INTO student VALUES ('2018474','Hobs','NULL','Beckford','Evening','261 Challenger Crt','NULL','C3C3C3','Scarborough',6666666666,3333333333,6);
INSERT INTO student VALUES ('2018475','Dominic','NULL','Sharma','Evening','149 Challenger Crt','NULL','A1A1A1','Markham',7777777777,3333333333,0);
INSERT INTO student VALUES ('2018476','Mia','Tyrone','Bourne','Evening','151 Keeler Blvd','11A','E5E5E5','Toronto',5555555555,3333333333,7);
INSERT INTO student VALUES ('2018477','Brian','Reese','OConnor','Break','498 Challenger Crt','NULL','G6G6G6','Markham',7777777777,4444444444,7);
INSERT INTO student VALUES ('2018478','Mia','Leah','Statham','Weekend','345 Harvest Moon Dr','409','B2B2B2','Scarborough',6666666666,NULL,6);
INSERT INTO student VALUES ('2018479','Han','NULL','Statham','Evening','434 Coleraine Dr','NULL','C3C3C3','Markham',1111111111,NULL,4);
INSERT INTO student VALUES ('2018480','Han','Janet','Sharma','Break','192 Challenger Crt','409','B2B2B2','Markham',7777777777,2222222222,6);
INSERT INTO student VALUES ('2018481','Vince','Janet','Statham','Evening','38 Keeler Blvd','9j','D4D4D4','Toronto',4444444444,4444444444,4);
INSERT INTO student VALUES ('2018482','Hobs','Leah','Statham','Break','128 Challenger Crt','NULL','E5E5E5','Toronto',4444444444,NULL,0);
INSERT INTO student VALUES ('2018483','Mia','NULL','OBrian','Weekend','195 Coleraine Dr','409','A1A1A1','Toronto',3333333333,NULL,0);
INSERT INTO student VALUES ('2018484','Letty','NULL','Santana','Evening','153 West Hill Dr','NULL','B2B2B2','Markham',4444444444,NULL,2);
INSERT INTO student VALUES ('2018485','Mia','Leah','Walker','Weekend','220 Moringside Ave','NULL','C3C3C3','Toronto',3333333333,2222222222,7);
INSERT INTO student VALUES ('2018486','Han','Janet','Bourne','Break','278 Coleraine Dr','NULL','F6F6F6','Markham',3333333333,NULL,2);
INSERT INTO student VALUES ('2018487','Brian','Reese','Bourne','Break','138 Keeler Blvd','409','E5E5E5','Scarborough',6666666666,NULL,5);
INSERT INTO student VALUES ('2018488','Sean','Reese','Beckford','Evening','357 West Hill Dr','31k','E5E5E5','Markham',7777777777,NULL,8);
INSERT INTO student VALUES ('2018489','Jason','Chris','OConnor','Break','399 Coleraine Dr','NULL','E5E5E5','Markham',6666666666,NULL,3);
INSERT INTO student VALUES ('2018490','Jason','Tyrone','Walker','Break','294 Keeler Blvd','NULL','F6F6F6','Scarborough',6666666666,NULL,2);
INSERT INTO student VALUES ('2018491','Vince','Janet','Toretto','Weekend','267 Coleraine Dr','NULL','F6F6F6','Markham',3333333333,NULL,2);
INSERT INTO student VALUES ('2018492','Sean','NULL','Santana','Evening','30 Moringside Ave','1507','G6G6G6','Scarborough',6666666666,2222222222,7);
INSERT INTO student VALUES ('2018493','Dominic','Tyler','Sharma','Weekend','337 West Hill Dr','409','B2B2B2','Toronto',4444444444,NULL,2);
INSERT INTO student VALUES ('2018494','Mia','Tyrone','Gibson','Weekend','323 Coleraine Dr','NULL','D4D4D4','Scarborough',6666666666,2222222222,1);
INSERT INTO student VALUES ('2018495','Letty','Tyler','Toretto','Break','167 Challenger Crt','409','G6G6G6','Scarborough',5555555555,NULL,2);
INSERT INTO student VALUES ('2018496','Vince','Leah','OBrian','Evening','266 Harvest Moon Dr','1507','D4D4D4','Toronto',6666666666,4444444444,0);
INSERT INTO student VALUES ('2018497','Han','Parker','Toretto','Weekend','486 West Hill Dr','NULL','B2B2B2','Markham',1111111111,3333333333,0);
INSERT INTO student VALUES ('2018498','Sean','Parker','OBrian','Evening','174 West Hill Dr','NULL','D4D4D4','Scarborough',1111111111,NULL,4);
INSERT INTO student VALUES ('2018499','Sean','Tyrone','Gibson','Evening','28 Coleraine Dr','NULL','D4D4D4','Markham',7777777777,NULL,5);
INSERT INTO student VALUES ('2018500','Han','Parker','OBrian','Weekend','93 Keeler Blvd','11A','B2B2B2','Scarborough',7777777777,2222222222,3);

INSERT INTO instructor VALUES (1, 'Saraswati', 'Devidasi');
INSERT INTO instructor VALUES (2,'Shobna', 'Sharma');
INSERT INTO instructor VALUES (3,'Rita','Jain');
INSERT INTO instructor VALUES (4, 'Renu', 'Jain');
INSERT INTO instructor VALUES (5, 'Madhu', 'Gupta');
INSERT INTO instructor VALUES (6, 'Jainand', 'Singh');
INSERT INTO instructor VALUES (7, 'Vidya', 'Singh');
INSERT INTO instructor VALUES (8, 'Zia', 'Gill');
INSERT INTO instructor VALUES (9, 'Aman', 'Khalon');

INSERT INTO payment VALUES (1,2018480,DATE '2018-08-23',321);
INSERT INTO payment VALUES (2,2018455,DATE '2018-03-04',221);
INSERT INTO payment VALUES (3,2018292,DATE '2018-02-23',322);
INSERT INTO payment VALUES (4,2018406,DATE '2018-09-25',108);
INSERT INTO payment VALUES (5,2018185,DATE '2018-06-02',206);
INSERT INTO payment VALUES (6,2018108,DATE '2018-07-02',247);
INSERT INTO payment VALUES (7,201814,DATE '2018-07-18',207);
INSERT INTO payment VALUES (8,2018318,DATE '2018-05-02',36);
INSERT INTO payment VALUES (9,2018311,DATE '2018-07-04',103);
INSERT INTO payment VALUES (10,2018158,DATE '2018-03-04',126);
INSERT INTO payment VALUES (11,2018181,DATE '2018-09-12',14);
INSERT INTO payment VALUES (12,2018406,DATE '2018-01-25',165);
INSERT INTO payment VALUES (13,2018328,DATE '2018-07-18',399);
INSERT INTO payment VALUES (14,2018242,DATE '2018-11-26',55);
INSERT INTO payment VALUES (15,2018272,DATE '2018-03-14',36);
INSERT INTO payment VALUES (16,2018235,DATE '2018-08-25',46);
INSERT INTO payment VALUES (17,2018288,DATE '2018-05-19',57);
INSERT INTO payment VALUES (18,2018362,DATE '2018-11-16',211);
INSERT INTO payment VALUES (19,2018367,DATE '2018-05-26',72);
INSERT INTO payment VALUES (20,2018150,DATE '2018-09-07',58);
INSERT INTO payment VALUES (21,2018205,DATE '2018-04-25',306);
INSERT INTO payment VALUES (22,2018435,DATE '2018-05-05',173);
INSERT INTO payment VALUES (23,20189,DATE '2018-09-16',275);
INSERT INTO payment VALUES (24,2018411,DATE '2018-05-15',299);
INSERT INTO payment VALUES (25,2018384,DATE '2018-02-08',347);
INSERT INTO payment VALUES (26,2018374,DATE '2018-03-03',31);
INSERT INTO payment VALUES (27,2018297,DATE '2018-03-19',13);
INSERT INTO payment VALUES (28,2018237,DATE '2018-04-01',55);
INSERT INTO payment VALUES (29,2018100,DATE '2018-03-10',179);
INSERT INTO payment VALUES (30,2018340,DATE '2018-06-25',232);
INSERT INTO payment VALUES (31,201812,DATE '2018-11-18',104);
INSERT INTO payment VALUES (32,2018213,DATE '2018-05-02',331);
INSERT INTO payment VALUES (33,201814,DATE '2018-08-06',120);
INSERT INTO payment VALUES (34,2018478,DATE '2018-01-21',105);
INSERT INTO payment VALUES (35,2018163,DATE '2018-06-21',24);
INSERT INTO payment VALUES (36,201893,DATE '2018-10-25',173);
INSERT INTO payment VALUES (37,2018104,DATE '2018-06-24',69);
INSERT INTO payment VALUES (38,2018473,DATE '2018-10-20',123);
INSERT INTO payment VALUES (39,2018112,DATE '2018-01-27',330);
INSERT INTO payment VALUES (40,201890,DATE '2018-11-19',348);
INSERT INTO payment VALUES (41,2018375,DATE '2018-04-03',62);
INSERT INTO payment VALUES (42,2018270,DATE '2018-02-15',319);
INSERT INTO payment VALUES (43,2018263,DATE '2018-06-09',303);
INSERT INTO payment VALUES (44,2018319,DATE '2018-04-05',248);
INSERT INTO payment VALUES (45,2018259,DATE '2018-08-02',284);
INSERT INTO payment VALUES (46,2018180,DATE '2018-02-17',97);
INSERT INTO payment VALUES (47,201893,DATE '2018-05-11',79);
INSERT INTO payment VALUES (48,201821,DATE '2018-04-03',321);
INSERT INTO payment VALUES (49,2018107,DATE '2018-01-10',166);
INSERT INTO payment VALUES (50,201824,DATE '2018-03-06',294);
INSERT INTO payment VALUES (51,201822,DATE '2018-09-22',38);
INSERT INTO payment VALUES (52,2018445,DATE '2018-02-08',228);
INSERT INTO payment VALUES (53,2018403,DATE '2018-07-22',81);
INSERT INTO payment VALUES (54,2018316,DATE '2018-01-16',85);
INSERT INTO payment VALUES (55,2018231,DATE '2018-08-21',210);
INSERT INTO payment VALUES (56,2018283,DATE '2018-04-15',209);
INSERT INTO payment VALUES (57,201828,DATE '2018-04-18',250);
INSERT INTO payment VALUES (58,2018156,DATE '2018-10-27',259);
INSERT INTO payment VALUES (59,2018166,DATE '2018-08-16',335);
INSERT INTO payment VALUES (60,2018436,DATE '2018-08-26',299);
INSERT INTO payment VALUES (61,2018245,DATE '2018-01-17',153);
INSERT INTO payment VALUES (62,201890,DATE '2018-08-18',105);
INSERT INTO payment VALUES (63,2018435,DATE '2018-01-17',127);
INSERT INTO payment VALUES (64,2018434,DATE '2018-02-04',153);
INSERT INTO payment VALUES (65,2018417,DATE '2018-02-15',338);
INSERT INTO payment VALUES (66,20189,DATE '2018-08-19',145);
INSERT INTO payment VALUES (67,2018378,DATE '2018-01-19',43);
INSERT INTO payment VALUES (68,20189,DATE '2018-11-05',355);
INSERT INTO payment VALUES (69,2018276,DATE '2018-05-20',389);
INSERT INTO payment VALUES (70,2018352,DATE '2018-03-09',199);
INSERT INTO payment VALUES (71,201847,DATE '2018-08-15',336);
INSERT INTO payment VALUES (72,2018334,DATE '2018-04-02',203);
INSERT INTO payment VALUES (73,2018465,DATE '2018-10-01',84);
INSERT INTO payment VALUES (74,2018109,DATE '2018-10-11',211);
INSERT INTO payment VALUES (75,201850,DATE '2018-09-01',106);
INSERT INTO payment VALUES (76,2018418,DATE '2018-09-26',269);
INSERT INTO payment VALUES (77,2018272,DATE '2018-07-07',393);
INSERT INTO payment VALUES (78,201856,DATE '2018-01-27',89);
INSERT INTO payment VALUES (79,201844,DATE '2018-11-22',211);
INSERT INTO payment VALUES (80,2018430,DATE '2018-11-04',244);
INSERT INTO payment VALUES (81,2018109,DATE '2018-05-21',5);
INSERT INTO payment VALUES (82,2018180,DATE '2018-09-05',147);
INSERT INTO payment VALUES (83,2018184,DATE '2018-10-22',152);
INSERT INTO payment VALUES (84,2018208,DATE '2018-03-04',151);
INSERT INTO payment VALUES (85,2018336,DATE '2018-05-12',378);
INSERT INTO payment VALUES (86,201847,DATE '2018-02-11',327);
INSERT INTO payment VALUES (87,2018157,DATE '2018-03-10',106);
INSERT INTO payment VALUES (88,2018408,DATE '2018-09-22',52);
INSERT INTO payment VALUES (89,201880,DATE '2018-08-20',58);
INSERT INTO payment VALUES (90,2018406,DATE '2018-10-21',251);
INSERT INTO payment VALUES (91,2018376,DATE '2018-02-10',18);
INSERT INTO payment VALUES (92,2018154,DATE '2018-01-08',119);
INSERT INTO payment VALUES (93,2018257,DATE '2018-09-09',9);
INSERT INTO payment VALUES (94,2018159,DATE '2018-08-01',368);
INSERT INTO payment VALUES (95,2018428,DATE '2018-03-11',338);
INSERT INTO payment VALUES (96,2018301,DATE '2018-01-07',348);
INSERT INTO payment VALUES (97,2018305,DATE '2018-05-10',81);
INSERT INTO payment VALUES (98,201820,DATE '2018-07-11',158);
INSERT INTO payment VALUES (99,2018475,DATE '2018-02-27',253);
INSERT INTO payment VALUES (100,2018188,DATE '2018-08-04',75);
INSERT INTO payment VALUES (101,201847,DATE '2018-01-21',258);
INSERT INTO payment VALUES (102,2018279,DATE '2018-09-03',312);
INSERT INTO payment VALUES (103,2018325,DATE '2018-10-19',137);
INSERT INTO payment VALUES (104,2018452,DATE '2018-07-19',236);
INSERT INTO payment VALUES (105,2018368,DATE '2018-08-11',350);
INSERT INTO payment VALUES (106,2018421,DATE '2018-10-18',281);
INSERT INTO payment VALUES (107,201816,DATE '2018-01-06',357);
INSERT INTO payment VALUES (108,2018171,DATE '2018-08-10',98);
INSERT INTO payment VALUES (109,2018129,DATE '2018-03-04',145);
INSERT INTO payment VALUES (110,2018399,DATE '2018-08-16',337);
INSERT INTO payment VALUES (111,201877,DATE '2018-10-04',188);
INSERT INTO payment VALUES (112,201848,DATE '2018-02-03',250);
INSERT INTO payment VALUES (113,2018344,DATE '2018-09-09',155);
INSERT INTO payment VALUES (114,201838,DATE '2018-11-08',252);
INSERT INTO payment VALUES (115,201883,DATE '2018-08-18',74);
INSERT INTO payment VALUES (116,2018433,DATE '2018-03-10',160);
INSERT INTO payment VALUES (117,2018470,DATE '2018-05-12',137);
INSERT INTO payment VALUES (118,2018377,DATE '2018-10-07',125);
INSERT INTO payment VALUES (119,2018230,DATE '2018-11-24',11);
INSERT INTO payment VALUES (120,201839,DATE '2018-04-18',42);
INSERT INTO payment VALUES (121,2018351,DATE '2018-11-04',396);
INSERT INTO payment VALUES (122,2018448,DATE '2018-05-11',228);
INSERT INTO payment VALUES (123,2018389,DATE '2018-03-21',311);
INSERT INTO payment VALUES (124,20182,DATE '2018-02-20',356);
INSERT INTO payment VALUES (125,2018493,DATE '2018-04-09',250);
INSERT INTO payment VALUES (126,201876,DATE '2018-09-12',42);
INSERT INTO payment VALUES (127,201857,DATE '2018-01-03',55);
INSERT INTO payment VALUES (128,2018151,DATE '2018-10-07',37);
INSERT INTO payment VALUES (129,2018467,DATE '2018-05-02',360);
INSERT INTO payment VALUES (130,2018279,DATE '2018-06-17',59);
INSERT INTO payment VALUES (131,2018428,DATE '2018-10-23',86);
INSERT INTO payment VALUES (132,2018389,DATE '2018-01-02',158);
INSERT INTO payment VALUES (133,2018149,DATE '2018-10-06',339);
INSERT INTO payment VALUES (134,2018409,DATE '2018-04-18',305);
INSERT INTO payment VALUES (135,201828,DATE '2018-07-24',73);
INSERT INTO payment VALUES (136,2018100,DATE '2018-04-08',301);
INSERT INTO payment VALUES (137,2018116,DATE '2018-09-04',145);
INSERT INTO payment VALUES (138,2018478,DATE '2018-09-03',359);
INSERT INTO payment VALUES (139,201882,DATE '2018-06-22',216);
INSERT INTO payment VALUES (140,2018158,DATE '2018-06-06',57);
INSERT INTO payment VALUES (141,201851,DATE '2018-09-12',48);
INSERT INTO payment VALUES (142,2018236,DATE '2018-09-01',146);
INSERT INTO payment VALUES (143,2018148,DATE '2018-06-03',297);
INSERT INTO payment VALUES (144,2018261,DATE '2018-11-15',66);
INSERT INTO payment VALUES (145,2018363,DATE '2018-04-04',203);
INSERT INTO payment VALUES (146,2018213,DATE '2018-04-04',224);
INSERT INTO payment VALUES (147,2018248,DATE '2018-02-03',206);
INSERT INTO payment VALUES (148,2018412,DATE '2018-11-16',184);
INSERT INTO payment VALUES (149,2018281,DATE '2018-05-11',3);
INSERT INTO payment VALUES (150,2018487,DATE '2018-06-18',74);
INSERT INTO payment VALUES (151,2018447,DATE '2018-11-09',97);
INSERT INTO payment VALUES (152,2018186,DATE '2018-02-01',257);
INSERT INTO payment VALUES (153,2018394,DATE '2018-04-02',212);
INSERT INTO payment VALUES (154,201843,DATE '2018-11-11',73);
INSERT INTO payment VALUES (155,2018380,DATE '2018-07-19',158);
INSERT INTO payment VALUES (156,20185,DATE '2018-03-21',304);
INSERT INTO payment VALUES (157,2018164,DATE '2018-11-10',249);
INSERT INTO payment VALUES (158,2018411,DATE '2018-10-19',331);
INSERT INTO payment VALUES (159,2018169,DATE '2018-11-03',238);
INSERT INTO payment VALUES (160,2018142,DATE '2018-09-02',329);
INSERT INTO payment VALUES (161,2018452,DATE '2018-01-15',349);
INSERT INTO payment VALUES (162,2018121,DATE '2018-01-11',46);
INSERT INTO payment VALUES (163,2018176,DATE '2018-11-19',238);
INSERT INTO payment VALUES (164,2018208,DATE '2018-09-23',3);
INSERT INTO payment VALUES (165,2018152,DATE '2018-02-12',161);
INSERT INTO payment VALUES (166,201869,DATE '2018-06-05',130);
INSERT INTO payment VALUES (167,2018176,DATE '2018-07-16',283);
INSERT INTO payment VALUES (168,2018376,DATE '2018-10-03',17);
INSERT INTO payment VALUES (169,2018457,DATE '2018-07-11',50);
INSERT INTO payment VALUES (170,2018479,DATE '2018-08-01',337);
INSERT INTO payment VALUES (171,201872,DATE '2018-07-20',336);
INSERT INTO payment VALUES (172,2018292,DATE '2018-10-24',90);
INSERT INTO payment VALUES (173,2018232,DATE '2018-02-14',263);
INSERT INTO payment VALUES (174,2018275,DATE '2018-02-16',151);
INSERT INTO payment VALUES (175,2018419,DATE '2018-09-02',376);
INSERT INTO payment VALUES (176,201836,DATE '2018-08-08',87);
INSERT INTO payment VALUES (177,2018361,DATE '2018-09-01',75);
INSERT INTO payment VALUES (178,2018453,DATE '2018-06-02',388);
INSERT INTO payment VALUES (179,201816,DATE '2018-04-03',26);
INSERT INTO payment VALUES (180,2018474,DATE '2018-01-18',232);
INSERT INTO payment VALUES (181,2018310,DATE '2018-10-21',201);
INSERT INTO payment VALUES (182,2018451,DATE '2018-05-25',71);
INSERT INTO payment VALUES (183,2018224,DATE '2018-11-14',221);
INSERT INTO payment VALUES (184,201898,DATE '2018-05-20',16);
INSERT INTO payment VALUES (185,2018216,DATE '2018-08-12',181);
INSERT INTO payment VALUES (186,2018303,DATE '2018-03-27',169);
INSERT INTO payment VALUES (187,2018253,DATE '2018-05-05',347);
INSERT INTO payment VALUES (188,201892,DATE '2018-07-18',57);
INSERT INTO payment VALUES (189,2018157,DATE '2018-03-18',346);
INSERT INTO payment VALUES (190,2018458,DATE '2018-07-17',117);
INSERT INTO payment VALUES (191,2018261,DATE '2018-08-11',288);
INSERT INTO payment VALUES (192,2018433,DATE '2018-06-04',99);
INSERT INTO payment VALUES (193,201833,DATE '2018-03-12',249);
INSERT INTO payment VALUES (194,2018351,DATE '2018-02-02',399);
INSERT INTO payment VALUES (195,2018269,DATE '2018-03-06',302);
INSERT INTO payment VALUES (196,2018373,DATE '2018-04-24',274);
INSERT INTO payment VALUES (197,20181,DATE '2018-04-16',39);
INSERT INTO payment VALUES (198,2018243,DATE '2018-07-10',21);
INSERT INTO payment VALUES (199,2018269,DATE '2018-08-22',117);
INSERT INTO payment VALUES (200,201828,DATE '2018-04-03',254);
INSERT INTO payment VALUES (201,2018354,DATE '2018-09-20',323);
INSERT INTO payment VALUES (202,2018422,DATE '2018-10-05',154);
INSERT INTO payment VALUES (203,2018312,DATE '2018-06-11',214);
INSERT INTO payment VALUES (204,201895,DATE '2018-11-11',270);
INSERT INTO payment VALUES (205,2018208,DATE '2018-02-26',191);
INSERT INTO payment VALUES (206,201847,DATE '2018-04-16',371);
INSERT INTO payment VALUES (207,2018113,DATE '2018-01-24',305);
INSERT INTO payment VALUES (208,201872,DATE '2018-11-16',171);
INSERT INTO payment VALUES (209,201843,DATE '2018-09-12',345);
INSERT INTO payment VALUES (210,2018333,DATE '2018-07-17',242);
INSERT INTO payment VALUES (211,2018227,DATE '2018-11-17',261);
INSERT INTO payment VALUES (212,2018341,DATE '2018-03-26',141);
INSERT INTO payment VALUES (213,2018357,DATE '2018-10-20',92);
INSERT INTO payment VALUES (214,2018142,DATE '2018-06-19',221);
INSERT INTO payment VALUES (215,201815,DATE '2018-01-08',18);
INSERT INTO payment VALUES (216,2018249,DATE '2018-05-11',374);
INSERT INTO payment VALUES (217,2018473,DATE '2018-03-23',263);
INSERT INTO payment VALUES (218,201884,DATE '2018-08-04',9);
INSERT INTO payment VALUES (219,2018362,DATE '2018-08-11',226);
INSERT INTO payment VALUES (220,2018117,DATE '2018-10-01',145);
INSERT INTO payment VALUES (221,2018350,DATE '2018-10-09',370);
INSERT INTO payment VALUES (222,2018285,DATE '2018-07-09',45);
INSERT INTO payment VALUES (223,2018226,DATE '2018-04-23',17);
INSERT INTO payment VALUES (224,2018453,DATE '2018-02-03',372);
INSERT INTO payment VALUES (225,2018380,DATE '2018-10-10',285);
INSERT INTO payment VALUES (226,2018356,DATE '2018-02-27',196);
INSERT INTO payment VALUES (227,20183,DATE '2018-02-06',223);
INSERT INTO payment VALUES (228,201812,DATE '2018-08-10',132);
INSERT INTO payment VALUES (229,2018346,DATE '2018-02-02',320);
INSERT INTO payment VALUES (230,2018374,DATE '2018-01-04',183);
INSERT INTO payment VALUES (231,2018457,DATE '2018-07-18',65);
INSERT INTO payment VALUES (232,201865,DATE '2018-11-23',232);
INSERT INTO payment VALUES (233,2018429,DATE '2018-10-17',153);
INSERT INTO payment VALUES (234,201850,DATE '2018-06-05',23);
INSERT INTO payment VALUES (235,2018256,DATE '2018-09-10',304);
INSERT INTO payment VALUES (236,2018445,DATE '2018-06-07',358);
INSERT INTO payment VALUES (237,2018280,DATE '2018-02-03',161);
INSERT INTO payment VALUES (238,2018202,DATE '2018-05-18',96);
INSERT INTO payment VALUES (239,2018321,DATE '2018-07-23',105);
INSERT INTO payment VALUES (240,2018185,DATE '2018-09-23',182);
INSERT INTO payment VALUES (241,2018432,DATE '2018-07-19',317);
INSERT INTO payment VALUES (242,201859,DATE '2018-10-02',42);
INSERT INTO payment VALUES (243,2018356,DATE '2018-01-05',216);
INSERT INTO payment VALUES (244,2018264,DATE '2018-06-08',304);
INSERT INTO payment VALUES (245,2018315,DATE '2018-06-26',53);
INSERT INTO payment VALUES (246,2018275,DATE '2018-04-11',315);
INSERT INTO payment VALUES (247,201817,DATE '2018-03-12',98);
INSERT INTO payment VALUES (248,2018393,DATE '2018-04-18',93);
INSERT INTO payment VALUES (249,2018152,DATE '2018-06-12',265);
INSERT INTO payment VALUES (250,2018193,DATE '2018-04-02',10);
INSERT INTO payment VALUES (251,2018135,DATE '2018-10-07',24);
INSERT INTO payment VALUES (252,2018493,DATE '2018-05-04',151);
INSERT INTO payment VALUES (253,201862,DATE '2018-07-27',253);
INSERT INTO payment VALUES (254,2018381,DATE '2018-07-06',117);
INSERT INTO payment VALUES (255,2018356,DATE '2018-01-06',43);
INSERT INTO payment VALUES (256,2018419,DATE '2018-10-15',193);
INSERT INTO payment VALUES (257,2018254,DATE '2018-04-10',207);
INSERT INTO payment VALUES (258,2018232,DATE '2018-01-06',397);
INSERT INTO payment VALUES (259,2018171,DATE '2018-03-15',86);
INSERT INTO payment VALUES (260,20183,DATE '2018-11-17',239);
INSERT INTO payment VALUES (261,2018472,DATE '2018-09-18',200);
INSERT INTO payment VALUES (262,201888,DATE '2018-09-21',23);
INSERT INTO payment VALUES (263,2018292,DATE '2018-08-05',188);
INSERT INTO payment VALUES (264,2018316,DATE '2018-10-03',346);
INSERT INTO payment VALUES (265,2018205,DATE '2018-05-11',264);
INSERT INTO payment VALUES (266,2018365,DATE '2018-05-15',316);
INSERT INTO payment VALUES (267,2018292,DATE '2018-01-20',335);
INSERT INTO payment VALUES (268,2018421,DATE '2018-03-11',330);
INSERT INTO payment VALUES (269,2018372,DATE '2018-08-06',75);
INSERT INTO payment VALUES (270,2018336,DATE '2018-03-20',262);
INSERT INTO payment VALUES (271,2018123,DATE '2018-02-07',54);
INSERT INTO payment VALUES (272,2018380,DATE '2018-08-20',171);
INSERT INTO payment VALUES (273,201898,DATE '2018-05-12',86);
INSERT INTO payment VALUES (274,2018208,DATE '2018-10-08',189);
INSERT INTO payment VALUES (275,2018181,DATE '2018-09-16',157);
INSERT INTO payment VALUES (276,201859,DATE '2018-01-11',261);
INSERT INTO payment VALUES (277,2018369,DATE '2018-05-03',195);
INSERT INTO payment VALUES (278,2018132,DATE '2018-07-12',18);
INSERT INTO payment VALUES (279,201893,DATE '2018-05-01',152);
INSERT INTO payment VALUES (280,2018315,DATE '2018-09-11',114);
INSERT INTO payment VALUES (281,2018419,DATE '2018-01-11',72);
INSERT INTO payment VALUES (282,2018484,DATE '2018-03-24',225);
INSERT INTO payment VALUES (283,201874,DATE '2018-07-26',78);
INSERT INTO payment VALUES (284,2018385,DATE '2018-06-11',293);
INSERT INTO payment VALUES (285,2018305,DATE '2018-05-27',62);
INSERT INTO payment VALUES (286,2018240,DATE '2018-09-21',304);
INSERT INTO payment VALUES (287,2018392,DATE '2018-09-12',241);
INSERT INTO payment VALUES (288,2018163,DATE '2018-11-27',389);
INSERT INTO payment VALUES (289,2018207,DATE '2018-07-22',236);
INSERT INTO payment VALUES (290,2018267,DATE '2018-10-10',24);
INSERT INTO payment VALUES (291,2018224,DATE '2018-09-19',310);
INSERT INTO payment VALUES (292,2018156,DATE '2018-08-06',14);
INSERT INTO payment VALUES (293,2018299,DATE '2018-03-20',387);
INSERT INTO payment VALUES (294,2018113,DATE '2018-02-11',50);
INSERT INTO payment VALUES (295,2018409,DATE '2018-06-05',89);
INSERT INTO payment VALUES (296,2018266,DATE '2018-08-12',33);
INSERT INTO payment VALUES (297,2018218,DATE '2018-03-04',247);
INSERT INTO payment VALUES (298,2018287,DATE '2018-06-04',389);
INSERT INTO payment VALUES (299,201860,DATE '2018-09-03',175);
INSERT INTO payment VALUES (300,201874,DATE '2018-04-06',206);
INSERT INTO payment VALUES (301,2018259,DATE '2018-03-06',17);
INSERT INTO payment VALUES (302,2018176,DATE '2018-09-19',142);
INSERT INTO payment VALUES (303,2018418,DATE '2018-11-26',230);
INSERT INTO payment VALUES (304,2018267,DATE '2018-05-07',62);
INSERT INTO payment VALUES (305,2018379,DATE '2018-10-19',285);
INSERT INTO payment VALUES (306,2018230,DATE '2018-08-23',166);
INSERT INTO payment VALUES (307,2018437,DATE '2018-02-07',62);
INSERT INTO payment VALUES (308,2018180,DATE '2018-09-20',144);
INSERT INTO payment VALUES (309,2018444,DATE '2018-05-01',134);
INSERT INTO payment VALUES (310,2018369,DATE '2018-07-08',213);
INSERT INTO payment VALUES (311,2018496,DATE '2018-08-24',290);
INSERT INTO payment VALUES (312,2018327,DATE '2018-03-14',63);
INSERT INTO payment VALUES (313,2018435,DATE '2018-01-05',78);
INSERT INTO payment VALUES (314,2018226,DATE '2018-09-05',139);
INSERT INTO payment VALUES (315,2018242,DATE '2018-10-08',269);
INSERT INTO payment VALUES (316,2018241,DATE '2018-02-14',124);
INSERT INTO payment VALUES (317,2018371,DATE '2018-09-08',2);
INSERT INTO payment VALUES (318,2018188,DATE '2018-08-05',96);
INSERT INTO payment VALUES (319,2018139,DATE '2018-08-08',354);
INSERT INTO payment VALUES (320,2018382,DATE '2018-05-25',163);
INSERT INTO payment VALUES (321,2018490,DATE '2018-02-26',173);
INSERT INTO payment VALUES (322,2018450,DATE '2018-03-14',332);
INSERT INTO payment VALUES (323,2018306,DATE '2018-07-19',160);
INSERT INTO payment VALUES (324,2018480,DATE '2018-02-20',373);
INSERT INTO payment VALUES (325,2018385,DATE '2018-05-09',121);
INSERT INTO payment VALUES (326,2018297,DATE '2018-05-19',225);
INSERT INTO payment VALUES (327,2018412,DATE '2018-10-16',14);
INSERT INTO payment VALUES (328,2018471,DATE '2018-05-27',329);
INSERT INTO payment VALUES (329,20182,DATE '2018-04-19',204);
INSERT INTO payment VALUES (330,201820,DATE '2018-09-12',329);
INSERT INTO payment VALUES (331,2018349,DATE '2018-05-14',125);
INSERT INTO payment VALUES (332,2018457,DATE '2018-10-24',29);
INSERT INTO payment VALUES (333,2018338,DATE '2018-07-01',196);
INSERT INTO payment VALUES (334,201842,DATE '2018-04-14',199);
INSERT INTO payment VALUES (335,2018199,DATE '2018-03-17',358);
INSERT INTO payment VALUES (336,2018278,DATE '2018-01-11',18);
INSERT INTO payment VALUES (337,2018395,DATE '2018-05-19',109);
INSERT INTO payment VALUES (338,2018371,DATE '2018-11-22',151);
INSERT INTO payment VALUES (339,2018391,DATE '2018-07-21',270);
INSERT INTO payment VALUES (340,201832,DATE '2018-09-06',88);
INSERT INTO payment VALUES (341,2018253,DATE '2018-11-14',90);
INSERT INTO payment VALUES (342,2018166,DATE '2018-04-04',147);
INSERT INTO payment VALUES (343,2018149,DATE '2018-05-11',6);
INSERT INTO payment VALUES (344,2018481,DATE '2018-03-20',93);
INSERT INTO payment VALUES (345,201838,DATE '2018-07-01',223);
INSERT INTO payment VALUES (346,201875,DATE '2018-05-07',399);
INSERT INTO payment VALUES (347,2018470,DATE '2018-10-22',122);
INSERT INTO payment VALUES (348,2018393,DATE '2018-09-04',390);
INSERT INTO payment VALUES (349,2018248,DATE '2018-01-12',153);
INSERT INTO payment VALUES (350,2018166,DATE '2018-11-06',216);
INSERT INTO payment VALUES (351,20188,DATE '2018-02-06',374);
INSERT INTO payment VALUES (352,201855,DATE '2018-09-10',115);
INSERT INTO payment VALUES (353,2018332,DATE '2018-03-15',321);
INSERT INTO payment VALUES (354,2018484,DATE '2018-08-04',332);
INSERT INTO payment VALUES (355,2018138,DATE '2018-03-02',317);
INSERT INTO payment VALUES (356,2018148,DATE '2018-06-25',216);
INSERT INTO payment VALUES (357,2018387,DATE '2018-05-06',333);
INSERT INTO payment VALUES (358,2018114,DATE '2018-03-18',154);
INSERT INTO payment VALUES (359,2018240,DATE '2018-01-23',105);
INSERT INTO payment VALUES (360,2018204,DATE '2018-04-10',255);
INSERT INTO payment VALUES (361,201834,DATE '2018-04-16',138);
INSERT INTO payment VALUES (362,2018145,DATE '2018-09-16',293);
INSERT INTO payment VALUES (363,2018349,DATE '2018-02-01',388);
INSERT INTO payment VALUES (364,2018310,DATE '2018-03-04',24);
INSERT INTO payment VALUES (365,2018388,DATE '2018-01-09',172);
INSERT INTO payment VALUES (366,2018121,DATE '2018-02-21',339);
INSERT INTO payment VALUES (367,2018451,DATE '2018-10-10',380);
INSERT INTO payment VALUES (368,2018176,DATE '2018-10-19',373);
INSERT INTO payment VALUES (369,201888,DATE '2018-03-06',94);
INSERT INTO payment VALUES (370,2018215,DATE '2018-04-11',190);
INSERT INTO payment VALUES (371,201858,DATE '2018-05-15',366);
INSERT INTO payment VALUES (372,2018241,DATE '2018-07-02',199);
INSERT INTO payment VALUES (373,2018404,DATE '2018-10-07',195);
INSERT INTO payment VALUES (374,2018265,DATE '2018-04-15',107);
INSERT INTO payment VALUES (375,2018235,DATE '2018-02-05',326);
INSERT INTO payment VALUES (376,201863,DATE '2018-07-23',334);
INSERT INTO payment VALUES (377,2018451,DATE '2018-02-07',242);
INSERT INTO payment VALUES (378,2018394,DATE '2018-07-01',18);
INSERT INTO payment VALUES (379,2018151,DATE '2018-07-17',14);
INSERT INTO payment VALUES (380,2018356,DATE '2018-05-26',300);
INSERT INTO payment VALUES (381,2018271,DATE '2018-07-24',128);
INSERT INTO payment VALUES (382,2018244,DATE '2018-01-15',78);
INSERT INTO payment VALUES (383,2018212,DATE '2018-06-11',318);
INSERT INTO payment VALUES (384,2018215,DATE '2018-05-21',339);
INSERT INTO payment VALUES (385,2018145,DATE '2018-07-01',5);
INSERT INTO payment VALUES (386,201897,DATE '2018-03-21',14);
INSERT INTO payment VALUES (387,2018340,DATE '2018-06-11',239);
INSERT INTO payment VALUES (388,2018405,DATE '2018-04-27',168);
INSERT INTO payment VALUES (389,2018316,DATE '2018-03-14',311);
INSERT INTO payment VALUES (390,2018437,DATE '2018-09-10',124);
INSERT INTO payment VALUES (391,2018148,DATE '2018-07-16',109);
INSERT INTO payment VALUES (392,2018365,DATE '2018-11-06',168);
INSERT INTO payment VALUES (393,2018452,DATE '2018-04-04',11);
INSERT INTO payment VALUES (394,2018144,DATE '2018-10-10',86);
INSERT INTO payment VALUES (395,2018152,DATE '2018-04-20',222);
INSERT INTO payment VALUES (396,2018191,DATE '2018-06-10',144);
INSERT INTO payment VALUES (397,2018329,DATE '2018-06-04',86);
INSERT INTO payment VALUES (398,201830,DATE '2018-04-22',68);
INSERT INTO payment VALUES (399,2018285,DATE '2018-04-10',182);
INSERT INTO payment VALUES (400,201848,DATE '2018-03-02',355);
INSERT INTO payment VALUES (401,2018478,DATE '2018-03-19',260);
INSERT INTO payment VALUES (402,2018332,DATE '2018-02-03',38);
INSERT INTO payment VALUES (403,2018362,DATE '2018-11-14',354);
INSERT INTO payment VALUES (404,2018124,DATE '2018-10-14',228);
INSERT INTO payment VALUES (405,2018486,DATE '2018-08-18',30);
INSERT INTO payment VALUES (406,2018465,DATE '2018-09-05',144);
INSERT INTO payment VALUES (407,2018201,DATE '2018-06-15',316);
INSERT INTO payment VALUES (408,2018483,DATE '2018-06-18',142);
INSERT INTO payment VALUES (409,2018259,DATE '2018-09-25',374);
INSERT INTO payment VALUES (410,2018287,DATE '2018-11-11',29);
INSERT INTO payment VALUES (411,201817,DATE '2018-02-11',151);
INSERT INTO payment VALUES (412,2018372,DATE '2018-03-03',164);
INSERT INTO payment VALUES (413,2018309,DATE '2018-09-14',32);
INSERT INTO payment VALUES (414,201880,DATE '2018-02-11',48);
INSERT INTO payment VALUES (415,2018122,DATE '2018-11-19',331);
INSERT INTO payment VALUES (416,201817,DATE '2018-09-08',372);
INSERT INTO payment VALUES (417,2018233,DATE '2018-05-02',88);
INSERT INTO payment VALUES (418,201819,DATE '2018-07-18',248);
INSERT INTO payment VALUES (419,2018482,DATE '2018-10-07',325);
INSERT INTO payment VALUES (420,2018123,DATE '2018-08-22',182);
INSERT INTO payment VALUES (421,2018185,DATE '2018-10-05',251);
INSERT INTO payment VALUES (422,2018113,DATE '2018-10-23',60);
INSERT INTO payment VALUES (423,2018129,DATE '2018-11-18',92);
INSERT INTO payment VALUES (424,2018447,DATE '2018-01-05',56);
INSERT INTO payment VALUES (425,2018401,DATE '2018-11-27',263);
INSERT INTO payment VALUES (426,2018430,DATE '2018-03-11',351);
INSERT INTO payment VALUES (427,2018450,DATE '2018-07-05',154);
INSERT INTO payment VALUES (428,2018495,DATE '2018-06-03',39);
INSERT INTO payment VALUES (429,2018184,DATE '2018-09-15',334);
INSERT INTO payment VALUES (430,2018143,DATE '2018-05-05',90);
INSERT INTO payment VALUES (431,2018422,DATE '2018-11-14',342);
INSERT INTO payment VALUES (432,201852,DATE '2018-10-09',306);
INSERT INTO payment VALUES (433,2018223,DATE '2018-09-22',128);
INSERT INTO payment VALUES (434,2018446,DATE '2018-06-01',281);
INSERT INTO payment VALUES (435,2018144,DATE '2018-04-09',295);
INSERT INTO payment VALUES (436,2018255,DATE '2018-09-24',253);
INSERT INTO payment VALUES (437,20186,DATE '2018-04-11',310);
INSERT INTO payment VALUES (438,2018185,DATE '2018-04-03',316);
INSERT INTO payment VALUES (439,2018298,DATE '2018-02-26',146);
INSERT INTO payment VALUES (440,2018475,DATE '2018-02-11',23);
INSERT INTO payment VALUES (441,201856,DATE '2018-01-15',236);
INSERT INTO payment VALUES (442,2018269,DATE '2018-03-09',222);
INSERT INTO payment VALUES (443,2018439,DATE '2018-10-20',383);
INSERT INTO payment VALUES (444,2018398,DATE '2018-07-25',370);
INSERT INTO payment VALUES (445,2018117,DATE '2018-09-21',288);
INSERT INTO payment VALUES (446,2018475,DATE '2018-09-27',319);
INSERT INTO payment VALUES (447,2018225,DATE '2018-01-26',388);
INSERT INTO payment VALUES (448,20186,DATE '2018-02-12',168);
INSERT INTO payment VALUES (449,2018137,DATE '2018-02-12',133);
INSERT INTO payment VALUES (450,2018244,DATE '2018-02-02',196);
INSERT INTO payment VALUES (451,2018138,DATE '2018-01-07',59);
INSERT INTO payment VALUES (452,201816,DATE '2018-04-05',252);
INSERT INTO payment VALUES (453,2018481,DATE '2018-09-07',217);
INSERT INTO payment VALUES (454,201864,DATE '2018-04-05',281);
INSERT INTO payment VALUES (455,2018146,DATE '2018-01-16',76);
INSERT INTO payment VALUES (456,2018451,DATE '2018-11-20',347);
INSERT INTO payment VALUES (457,201872,DATE '2018-10-18',321);
INSERT INTO payment VALUES (458,2018484,DATE '2018-07-02',34);
INSERT INTO payment VALUES (459,201820,DATE '2018-10-07',109);
INSERT INTO payment VALUES (460,2018350,DATE '2018-11-21',114);
INSERT INTO payment VALUES (461,2018192,DATE '2018-06-18',78);
INSERT INTO payment VALUES (462,2018202,DATE '2018-01-23',338);
INSERT INTO payment VALUES (463,2018425,DATE '2018-07-15',6);
INSERT INTO payment VALUES (464,2018397,DATE '2018-09-26',145);
INSERT INTO payment VALUES (465,2018315,DATE '2018-04-04',10);
INSERT INTO payment VALUES (466,2018326,DATE '2018-08-10',200);
INSERT INTO payment VALUES (467,201898,DATE '2018-04-09',52);
INSERT INTO payment VALUES (468,2018124,DATE '2018-11-01',295);
INSERT INTO payment VALUES (469,2018136,DATE '2018-05-03',77);
INSERT INTO payment VALUES (470,2018319,DATE '2018-04-05',352);
INSERT INTO payment VALUES (471,2018288,DATE '2018-01-20',224);
INSERT INTO payment VALUES (472,2018473,DATE '2018-08-07',128);
INSERT INTO payment VALUES (473,2018454,DATE '2018-01-18',112);
INSERT INTO payment VALUES (474,2018374,DATE '2018-02-18',174);
INSERT INTO payment VALUES (475,2018192,DATE '2018-03-17',194);
INSERT INTO payment VALUES (476,2018197,DATE '2018-07-25',132);
INSERT INTO payment VALUES (477,2018277,DATE '2018-07-21',13);
INSERT INTO payment VALUES (478,2018293,DATE '2018-09-06',374);
INSERT INTO payment VALUES (479,2018123,DATE '2018-04-23',326);
INSERT INTO payment VALUES (480,2018263,DATE '2018-10-12',354);
INSERT INTO payment VALUES (481,2018220,DATE '2018-03-08',70);
INSERT INTO payment VALUES (482,2018498,DATE '2018-02-24',278);
INSERT INTO payment VALUES (483,2018324,DATE '2018-10-12',145);
INSERT INTO payment VALUES (484,2018110,DATE '2018-08-12',213);
INSERT INTO payment VALUES (485,201853,DATE '2018-10-17',382);
INSERT INTO payment VALUES (486,2018307,DATE '2018-01-18',174);
INSERT INTO payment VALUES (487,2018227,DATE '2018-04-04',201);
INSERT INTO payment VALUES (488,2018452,DATE '2018-09-26',323);
INSERT INTO payment VALUES (489,201814,DATE '2018-11-03',362);
INSERT INTO payment VALUES (490,201852,DATE '2018-08-27',98);
INSERT INTO payment VALUES (491,201856,DATE '2018-08-01',334);
INSERT INTO payment VALUES (492,2018368,DATE '2018-11-22',280);
INSERT INTO payment VALUES (493,2018181,DATE '2018-07-08',312);
INSERT INTO payment VALUES (494,2018367,DATE '2018-11-17',163);
INSERT INTO payment VALUES (495,2018290,DATE '2018-02-22',398);
INSERT INTO payment VALUES (496,2018111,DATE '2018-02-05',175);
INSERT INTO payment VALUES (497,2018109,DATE '2018-01-20',163);
INSERT INTO payment VALUES (498,2018477,DATE '2018-02-20',282);
INSERT INTO payment VALUES (499,2018321,DATE '2018-11-15',55);
INSERT INTO payment VALUES (500,2018499,DATE '2018-10-26',363);
INSERT INTO payment VALUES (501,201813,DATE '2018-11-23',217);
INSERT INTO payment VALUES (502,2018498,DATE '2018-04-17',14);
INSERT INTO payment VALUES (503,2018128,DATE '2018-01-15',48);
INSERT INTO payment VALUES (504,2018388,DATE '2018-10-25',287);
INSERT INTO payment VALUES (505,2018189,DATE '2018-08-08',53);
INSERT INTO payment VALUES (506,2018261,DATE '2018-04-05',82);
INSERT INTO payment VALUES (507,2018415,DATE '2018-10-01',72);
INSERT INTO payment VALUES (508,2018459,DATE '2018-02-15',109);
INSERT INTO payment VALUES (509,2018150,DATE '2018-03-11',191);
INSERT INTO payment VALUES (510,2018101,DATE '2018-03-22',60);
INSERT INTO payment VALUES (511,201824,DATE '2018-01-12',81);
INSERT INTO payment VALUES (512,2018411,DATE '2018-01-15',141);
INSERT INTO payment VALUES (513,2018106,DATE '2018-01-18',86);
INSERT INTO payment VALUES (514,2018401,DATE '2018-01-19',213);
INSERT INTO payment VALUES (515,2018437,DATE '2018-05-10',156);
INSERT INTO payment VALUES (516,2018305,DATE '2018-08-09',61);
INSERT INTO payment VALUES (517,2018281,DATE '2018-11-20',5);
INSERT INTO payment VALUES (518,2018305,DATE '2018-06-06',327);
INSERT INTO payment VALUES (519,2018389,DATE '2018-08-24',126);
INSERT INTO payment VALUES (520,2018341,DATE '2018-09-14',109);
INSERT INTO payment VALUES (521,201883,DATE '2018-11-03',364);
INSERT INTO payment VALUES (522,2018466,DATE '2018-11-02',232);
INSERT INTO payment VALUES (523,2018429,DATE '2018-05-17',242);
INSERT INTO payment VALUES (524,2018193,DATE '2018-09-11',285);
INSERT INTO payment VALUES (525,201833,DATE '2018-06-08',231);
INSERT INTO payment VALUES (526,2018202,DATE '2018-09-26',187);
INSERT INTO payment VALUES (527,2018233,DATE '2018-01-11',167);
INSERT INTO payment VALUES (528,201856,DATE '2018-10-04',138);
INSERT INTO payment VALUES (529,2018404,DATE '2018-06-15',243);
INSERT INTO payment VALUES (530,2018433,DATE '2018-04-01',38);
INSERT INTO payment VALUES (531,2018364,DATE '2018-10-27',13);
INSERT INTO payment VALUES (532,2018241,DATE '2018-08-22',205);
INSERT INTO payment VALUES (533,2018193,DATE '2018-06-20',266);
INSERT INTO payment VALUES (534,2018218,DATE '2018-11-09',223);
INSERT INTO payment VALUES (535,2018343,DATE '2018-07-19',120);
INSERT INTO payment VALUES (536,2018381,DATE '2018-10-12',280);
INSERT INTO payment VALUES (537,201894,DATE '2018-03-02',64);
INSERT INTO payment VALUES (538,20186,DATE '2018-10-09',293);
INSERT INTO payment VALUES (539,201865,DATE '2018-08-12',287);
INSERT INTO payment VALUES (540,2018447,DATE '2018-07-08',23);
INSERT INTO payment VALUES (541,2018403,DATE '2018-05-20',101);
INSERT INTO payment VALUES (542,2018158,DATE '2018-08-22',12);
INSERT INTO payment VALUES (543,2018464,DATE '2018-04-06',104);
INSERT INTO payment VALUES (544,2018408,DATE '2018-07-07',93);
INSERT INTO payment VALUES (545,2018242,DATE '2018-01-11',161);
INSERT INTO payment VALUES (546,2018102,DATE '2018-10-07',385);
INSERT INTO payment VALUES (547,2018323,DATE '2018-08-23',135);
INSERT INTO payment VALUES (548,2018279,DATE '2018-04-18',135);
INSERT INTO payment VALUES (549,2018210,DATE '2018-11-27',59);
INSERT INTO payment VALUES (550,2018374,DATE '2018-06-14',354);
INSERT INTO payment VALUES (551,2018469,DATE '2018-05-27',272);
INSERT INTO payment VALUES (552,2018488,DATE '2018-09-18',319);
INSERT INTO payment VALUES (553,201867,DATE '2018-09-12',62);
INSERT INTO payment VALUES (554,201870,DATE '2018-01-08',243);
INSERT INTO payment VALUES (555,2018370,DATE '2018-04-10',349);
INSERT INTO payment VALUES (556,2018143,DATE '2018-08-10',116);
INSERT INTO payment VALUES (557,2018174,DATE '2018-03-04',273);
INSERT INTO payment VALUES (558,2018140,DATE '2018-07-09',135);
INSERT INTO payment VALUES (559,2018145,DATE '2018-02-03',399);
INSERT INTO payment VALUES (560,2018248,DATE '2018-11-23',379);
INSERT INTO payment VALUES (561,2018292,DATE '2018-04-23',188);
INSERT INTO payment VALUES (562,2018277,DATE '2018-08-24',345);
INSERT INTO payment VALUES (563,2018476,DATE '2018-04-01',161);
INSERT INTO payment VALUES (564,20181,DATE '2018-08-11',182);
INSERT INTO payment VALUES (565,2018437,DATE '2018-05-22',175);
INSERT INTO payment VALUES (566,2018418,DATE '2018-02-07',230);
INSERT INTO payment VALUES (567,2018148,DATE '2018-09-26',276);
INSERT INTO payment VALUES (568,201822,DATE '2018-01-09',145);
INSERT INTO payment VALUES (569,201825,DATE '2018-03-09',398);
INSERT INTO payment VALUES (570,2018222,DATE '2018-07-25',153);
INSERT INTO payment VALUES (571,2018408,DATE '2018-08-05',369);
INSERT INTO payment VALUES (572,2018364,DATE '2018-05-21',233);
INSERT INTO payment VALUES (573,2018480,DATE '2018-04-05',277);
INSERT INTO payment VALUES (574,2018163,DATE '2018-11-11',72);
INSERT INTO payment VALUES (575,201871,DATE '2018-01-14',206);
INSERT INTO payment VALUES (576,2018360,DATE '2018-01-26',96);
INSERT INTO payment VALUES (577,2018146,DATE '2018-11-17',31);
INSERT INTO payment VALUES (578,2018292,DATE '2018-07-04',270);
INSERT INTO payment VALUES (579,2018123,DATE '2018-02-08',312);
INSERT INTO payment VALUES (580,2018467,DATE '2018-05-21',330);
INSERT INTO payment VALUES (581,2018375,DATE '2018-03-11',260);
INSERT INTO payment VALUES (582,2018254,DATE '2018-01-20',202);
INSERT INTO payment VALUES (583,2018358,DATE '2018-02-09',207);
INSERT INTO payment VALUES (584,2018321,DATE '2018-09-15',24);
INSERT INTO payment VALUES (585,201870,DATE '2018-03-15',216);
INSERT INTO payment VALUES (586,201851,DATE '2018-01-22',393);
INSERT INTO payment VALUES (587,201893,DATE '2018-08-21',12);
INSERT INTO payment VALUES (588,2018294,DATE '2018-01-12',351);
INSERT INTO payment VALUES (589,2018142,DATE '2018-10-19',13);
INSERT INTO payment VALUES (590,2018322,DATE '2018-01-18',101);
INSERT INTO payment VALUES (591,2018356,DATE '2018-08-18',373);
INSERT INTO payment VALUES (592,2018408,DATE '2018-05-04',308);
INSERT INTO payment VALUES (593,2018298,DATE '2018-03-24',190);
INSERT INTO payment VALUES (594,2018292,DATE '2018-04-22',50);
INSERT INTO payment VALUES (595,2018151,DATE '2018-03-11',152);
INSERT INTO payment VALUES (596,2018180,DATE '2018-03-23',39);
INSERT INTO payment VALUES (597,2018186,DATE '2018-05-19',291);
INSERT INTO payment VALUES (598,2018389,DATE '2018-01-23',360);
INSERT INTO payment VALUES (599,201863,DATE '2018-03-03',318);
INSERT INTO payment VALUES (600,2018335,DATE '2018-04-10',271);
INSERT INTO payment VALUES (601,2018499,DATE '2018-10-08',37);
INSERT INTO payment VALUES (602,201844,DATE '2018-01-27',62);
INSERT INTO payment VALUES (603,2018254,DATE '2018-06-11',239);
INSERT INTO payment VALUES (604,2018122,DATE '2018-08-11',73);
INSERT INTO payment VALUES (605,2018458,DATE '2018-02-16',95);
INSERT INTO payment VALUES (606,2018435,DATE '2018-05-22',24);
INSERT INTO payment VALUES (607,2018365,DATE '2018-02-14',379);
INSERT INTO payment VALUES (608,2018129,DATE '2018-07-21',121);
INSERT INTO payment VALUES (609,201833,DATE '2018-02-19',319);
INSERT INTO payment VALUES (610,2018394,DATE '2018-01-10',291);
INSERT INTO payment VALUES (611,201852,DATE '2018-11-07',218);
INSERT INTO payment VALUES (612,2018145,DATE '2018-05-14',340);
INSERT INTO payment VALUES (613,2018371,DATE '2018-10-08',97);
INSERT INTO payment VALUES (614,2018288,DATE '2018-07-09',221);
INSERT INTO payment VALUES (615,2018372,DATE '2018-04-22',204);
INSERT INTO payment VALUES (616,2018272,DATE '2018-05-17',161);
INSERT INTO payment VALUES (617,2018222,DATE '2018-05-04',32);
INSERT INTO payment VALUES (618,201835,DATE '2018-11-04',276);
INSERT INTO payment VALUES (619,2018372,DATE '2018-03-14',335);
INSERT INTO payment VALUES (620,2018477,DATE '2018-08-26',146);
INSERT INTO payment VALUES (621,2018370,DATE '2018-11-02',297);
INSERT INTO payment VALUES (622,2018300,DATE '2018-03-08',377);
INSERT INTO payment VALUES (623,2018124,DATE '2018-05-02',24);
INSERT INTO payment VALUES (624,2018175,DATE '2018-11-14',353);
INSERT INTO payment VALUES (625,201874,DATE '2018-08-02',241);
INSERT INTO payment VALUES (626,2018308,DATE '2018-05-16',73);
INSERT INTO payment VALUES (627,2018398,DATE '2018-07-17',311);
INSERT INTO payment VALUES (628,2018330,DATE '2018-03-06',128);
INSERT INTO payment VALUES (629,2018117,DATE '2018-01-04',277);
INSERT INTO payment VALUES (630,2018216,DATE '2018-01-14',379);
INSERT INTO payment VALUES (631,201838,DATE '2018-07-02',301);
INSERT INTO payment VALUES (632,2018257,DATE '2018-11-08',207);
INSERT INTO payment VALUES (633,2018262,DATE '2018-09-26',198);
INSERT INTO payment VALUES (634,2018261,DATE '2018-10-20',153);
INSERT INTO payment VALUES (635,2018257,DATE '2018-04-06',106);
INSERT INTO payment VALUES (636,201849,DATE '2018-08-04',333);
INSERT INTO payment VALUES (637,2018360,DATE '2018-10-09',33);
INSERT INTO payment VALUES (638,2018174,DATE '2018-03-19',18);
INSERT INTO payment VALUES (639,201836,DATE '2018-09-17',396);
INSERT INTO payment VALUES (640,20183,DATE '2018-10-25',306);
INSERT INTO payment VALUES (641,201828,DATE '2018-06-07',291);
INSERT INTO payment VALUES (642,2018258,DATE '2018-01-22',362);
INSERT INTO payment VALUES (643,201851,DATE '2018-01-24',278);
INSERT INTO payment VALUES (644,2018432,DATE '2018-01-15',148);
INSERT INTO payment VALUES (645,2018407,DATE '2018-01-06',217);
INSERT INTO payment VALUES (646,2018244,DATE '2018-10-11',397);
INSERT INTO payment VALUES (647,2018102,DATE '2018-02-14',16);
INSERT INTO payment VALUES (648,2018405,DATE '2018-07-10',100);
INSERT INTO payment VALUES (649,201821,DATE '2018-09-21',211);
INSERT INTO payment VALUES (650,201852,DATE '2018-07-21',269);
INSERT INTO payment VALUES (651,2018114,DATE '2018-08-24',48);
INSERT INTO payment VALUES (652,201842,DATE '2018-03-16',188);
INSERT INTO payment VALUES (653,2018163,DATE '2018-02-11',387);
INSERT INTO payment VALUES (654,201851,DATE '2018-10-24',329);
INSERT INTO payment VALUES (655,20181,DATE '2018-07-11',106);
INSERT INTO payment VALUES (656,2018153,DATE '2018-01-21',309);
INSERT INTO payment VALUES (657,2018496,DATE '2018-05-02',84);
INSERT INTO payment VALUES (658,2018305,DATE '2018-09-18',203);
INSERT INTO payment VALUES (659,2018226,DATE '2018-04-11',250);
INSERT INTO payment VALUES (660,2018378,DATE '2018-01-08',271);
INSERT INTO payment VALUES (661,201858,DATE '2018-10-01',348);
INSERT INTO payment VALUES (662,2018173,DATE '2018-07-25',126);
INSERT INTO payment VALUES (663,2018400,DATE '2018-03-07',104);
INSERT INTO payment VALUES (664,2018342,DATE '2018-03-10',323);
INSERT INTO payment VALUES (665,2018250,DATE '2018-09-04',399);
INSERT INTO payment VALUES (666,2018454,DATE '2018-02-05',109);
INSERT INTO payment VALUES (667,2018383,DATE '2018-09-06',342);
INSERT INTO payment VALUES (668,2018421,DATE '2018-11-11',399);
INSERT INTO payment VALUES (669,2018451,DATE '2018-09-04',327);
INSERT INTO payment VALUES (670,2018448,DATE '2018-07-05',2);
INSERT INTO payment VALUES (671,201857,DATE '2018-10-12',263);
INSERT INTO payment VALUES (672,201825,DATE '2018-04-02',327);
INSERT INTO payment VALUES (673,2018404,DATE '2018-07-05',312);
INSERT INTO payment VALUES (674,201815,DATE '2018-07-20',327);
INSERT INTO payment VALUES (675,201847,DATE '2018-01-22',51);
INSERT INTO payment VALUES (676,2018373,DATE '2018-01-22',296);
INSERT INTO payment VALUES (677,201862,DATE '2018-11-27',225);
INSERT INTO payment VALUES (678,2018231,DATE '2018-05-22',179);
INSERT INTO payment VALUES (679,2018106,DATE '2018-04-24',277);
INSERT INTO payment VALUES (680,2018100,DATE '2018-03-11',292);
INSERT INTO payment VALUES (681,2018289,DATE '2018-04-18',102);
INSERT INTO payment VALUES (682,2018144,DATE '2018-08-10',199);
INSERT INTO payment VALUES (683,2018161,DATE '2018-04-12',365);
INSERT INTO payment VALUES (684,2018452,DATE '2018-01-22',217);
INSERT INTO payment VALUES (685,2018405,DATE '2018-11-04',324);
INSERT INTO payment VALUES (686,2018230,DATE '2018-11-27',340);
INSERT INTO payment VALUES (687,2018468,DATE '2018-04-21',226);
INSERT INTO payment VALUES (688,2018375,DATE '2018-03-18',186);
INSERT INTO payment VALUES (689,2018491,DATE '2018-10-14',252);
INSERT INTO payment VALUES (690,2018399,DATE '2018-11-09',323);
INSERT INTO payment VALUES (691,2018205,DATE '2018-04-02',270);
INSERT INTO payment VALUES (692,2018355,DATE '2018-02-11',308);
INSERT INTO payment VALUES (693,201852,DATE '2018-01-16',7);
INSERT INTO payment VALUES (694,2018438,DATE '2018-04-26',166);
INSERT INTO payment VALUES (695,2018231,DATE '2018-01-06',310);
INSERT INTO payment VALUES (696,2018308,DATE '2018-10-23',249);
INSERT INTO payment VALUES (697,201865,DATE '2018-10-27',96);
INSERT INTO payment VALUES (698,20182,DATE '2018-09-05',325);
INSERT INTO payment VALUES (699,2018191,DATE '2018-04-26',201);
INSERT INTO payment VALUES (700,2018475,DATE '2018-06-22',345);
INSERT INTO payment VALUES (701,2018316,DATE '2018-11-07',154);
INSERT INTO payment VALUES (702,2018239,DATE '2018-07-20',329);
INSERT INTO payment VALUES (703,2018452,DATE '2018-10-22',43);
INSERT INTO payment VALUES (704,2018471,DATE '2018-10-08',302);
INSERT INTO payment VALUES (705,2018416,DATE '2018-06-19',101);
INSERT INTO payment VALUES (706,201887,DATE '2018-10-10',266);
INSERT INTO payment VALUES (707,2018264,DATE '2018-09-20',102);
INSERT INTO payment VALUES (708,2018381,DATE '2018-08-06',176);
INSERT INTO payment VALUES (709,2018104,DATE '2018-08-11',144);
INSERT INTO payment VALUES (710,2018493,DATE '2018-08-02',305);
INSERT INTO payment VALUES (711,2018475,DATE '2018-11-08',40);
INSERT INTO payment VALUES (712,2018433,DATE '2018-11-09',207);
INSERT INTO payment VALUES (713,2018131,DATE '2018-03-24',142);
INSERT INTO payment VALUES (714,2018496,DATE '2018-10-08',9);
INSERT INTO payment VALUES (715,2018248,DATE '2018-07-06',218);
INSERT INTO payment VALUES (716,2018435,DATE '2018-02-01',289);
INSERT INTO payment VALUES (717,2018203,DATE '2018-05-14',239);
INSERT INTO payment VALUES (718,2018170,DATE '2018-06-07',195);
INSERT INTO payment VALUES (719,2018360,DATE '2018-03-18',75);
INSERT INTO payment VALUES (720,2018141,DATE '2018-08-24',246);
INSERT INTO payment VALUES (721,201878,DATE '2018-09-21',361);
INSERT INTO payment VALUES (722,2018402,DATE '2018-01-02',242);
INSERT INTO payment VALUES (723,2018272,DATE '2018-06-12',126);
INSERT INTO payment VALUES (724,2018216,DATE '2018-07-11',248);
INSERT INTO payment VALUES (725,201873,DATE '2018-04-05',23);
INSERT INTO payment VALUES (726,2018113,DATE '2018-03-01',49);
INSERT INTO payment VALUES (727,201879,DATE '2018-02-22',130);
INSERT INTO payment VALUES (728,2018194,DATE '2018-02-04',250);
INSERT INTO payment VALUES (729,2018441,DATE '2018-04-03',145);
INSERT INTO payment VALUES (730,2018214,DATE '2018-07-22',200);
INSERT INTO payment VALUES (731,2018116,DATE '2018-09-20',376);
INSERT INTO payment VALUES (732,2018471,DATE '2018-11-15',364);
INSERT INTO payment VALUES (733,2018355,DATE '2018-09-02',181);
INSERT INTO payment VALUES (734,2018261,DATE '2018-05-27',191);
INSERT INTO payment VALUES (735,2018252,DATE '2018-08-11',215);
INSERT INTO payment VALUES (736,2018481,DATE '2018-08-11',80);
INSERT INTO payment VALUES (737,2018485,DATE '2018-04-20',258);
INSERT INTO payment VALUES (738,2018467,DATE '2018-04-18',351);
INSERT INTO payment VALUES (739,201844,DATE '2018-04-20',178);
INSERT INTO payment VALUES (740,2018400,DATE '2018-06-26',297);
INSERT INTO payment VALUES (741,2018499,DATE '2018-09-05',111);
INSERT INTO payment VALUES (742,201855,DATE '2018-03-06',208);
INSERT INTO payment VALUES (743,2018442,DATE '2018-01-15',317);
INSERT INTO payment VALUES (744,2018146,DATE '2018-03-15',8);
INSERT INTO payment VALUES (745,2018330,DATE '2018-03-14',285);
INSERT INTO payment VALUES (746,201813,DATE '2018-11-16',324);
INSERT INTO payment VALUES (747,2018390,DATE '2018-07-15',162);
INSERT INTO payment VALUES (748,2018185,DATE '2018-03-11',136);
INSERT INTO payment VALUES (749,2018251,DATE '2018-11-02',300);
INSERT INTO payment VALUES (750,2018316,DATE '2018-10-05',152);
INSERT INTO payment VALUES (751,2018384,DATE '2018-09-14',376);
INSERT INTO payment VALUES (752,2018372,DATE '2018-05-25',300);
INSERT INTO payment VALUES (753,2018204,DATE '2018-10-12',66);
INSERT INTO payment VALUES (754,2018424,DATE '2018-02-27',5);
INSERT INTO payment VALUES (755,201888,DATE '2018-05-24',266);
INSERT INTO payment VALUES (756,2018260,DATE '2018-05-20',223);
INSERT INTO payment VALUES (757,2018139,DATE '2018-04-08',226);
INSERT INTO payment VALUES (758,2018161,DATE '2018-04-06',353);
INSERT INTO payment VALUES (759,201881,DATE '2018-03-11',356);
INSERT INTO payment VALUES (760,201817,DATE '2018-06-06',85);
INSERT INTO payment VALUES (761,2018231,DATE '2018-05-04',398);
INSERT INTO payment VALUES (762,2018140,DATE '2018-03-02',399);
INSERT INTO payment VALUES (763,201836,DATE '2018-05-05',219);
INSERT INTO payment VALUES (764,2018352,DATE '2018-09-14',298);
INSERT INTO payment VALUES (765,2018373,DATE '2018-06-26',117);
INSERT INTO payment VALUES (766,20187,DATE '2018-01-25',316);
INSERT INTO payment VALUES (767,20187,DATE '2018-11-12',310);
INSERT INTO payment VALUES (768,2018159,DATE '2018-02-08',322);
INSERT INTO payment VALUES (769,2018424,DATE '2018-03-20',213);
INSERT INTO payment VALUES (770,201844,DATE '2018-10-17',321);
INSERT INTO payment VALUES (771,2018457,DATE '2018-07-22',39);
INSERT INTO payment VALUES (772,2018344,DATE '2018-09-25',0);
INSERT INTO payment VALUES (773,2018215,DATE '2018-09-25',82);
INSERT INTO payment VALUES (774,2018317,DATE '2018-05-17',338);
INSERT INTO payment VALUES (775,2018297,DATE '2018-01-03',124);
INSERT INTO payment VALUES (776,2018196,DATE '2018-04-09',211);
INSERT INTO payment VALUES (777,2018149,DATE '2018-02-06',76);
INSERT INTO payment VALUES (778,201828,DATE '2018-01-15',302);
INSERT INTO payment VALUES (779,2018344,DATE '2018-03-22',30);
INSERT INTO payment VALUES (780,2018205,DATE '2018-04-04',363);
INSERT INTO payment VALUES (781,2018423,DATE '2018-09-25',275);
INSERT INTO payment VALUES (782,2018490,DATE '2018-05-04',108);
INSERT INTO payment VALUES (783,2018434,DATE '2018-06-15',256);
INSERT INTO payment VALUES (784,2018304,DATE '2018-03-01',356);
INSERT INTO payment VALUES (785,201813,DATE '2018-07-21',218);
INSERT INTO payment VALUES (786,20181,DATE '2018-11-06',187);
INSERT INTO payment VALUES (787,2018404,DATE '2018-11-19',392);
INSERT INTO payment VALUES (788,2018447,DATE '2018-05-11',389);
INSERT INTO payment VALUES (789,2018259,DATE '2018-10-25',190);
INSERT INTO payment VALUES (790,2018192,DATE '2018-04-22',301);
INSERT INTO payment VALUES (791,2018399,DATE '2018-06-05',36);
INSERT INTO payment VALUES (792,2018184,DATE '2018-06-08',348);
INSERT INTO payment VALUES (793,2018187,DATE '2018-08-05',106);
INSERT INTO payment VALUES (794,2018452,DATE '2018-06-17',65);
INSERT INTO payment VALUES (795,2018365,DATE '2018-08-18',272);
INSERT INTO payment VALUES (796,2018446,DATE '2018-05-10',173);
INSERT INTO payment VALUES (797,2018339,DATE '2018-01-09',101);
INSERT INTO payment VALUES (798,201893,DATE '2018-06-14',347);
INSERT INTO payment VALUES (799,2018303,DATE '2018-11-21',84);
INSERT INTO payment VALUES (800,2018254,DATE '2018-06-05',63);
INSERT INTO payment VALUES (801,201849,DATE '2018-06-03',336);
INSERT INTO payment VALUES (802,201869,DATE '2018-07-21',132);
INSERT INTO payment VALUES (803,2018311,DATE '2018-11-20',99);
INSERT INTO payment VALUES (804,2018483,DATE '2018-09-20',24);
INSERT INTO payment VALUES (805,2018107,DATE '2018-02-14',385);
INSERT INTO payment VALUES (806,2018323,DATE '2018-06-21',248);
INSERT INTO payment VALUES (807,2018273,DATE '2018-06-06',338);
INSERT INTO payment VALUES (808,2018289,DATE '2018-04-22',0);
INSERT INTO payment VALUES (809,2018275,DATE '2018-05-11',130);
INSERT INTO payment VALUES (810,201839,DATE '2018-10-18',153);
INSERT INTO payment VALUES (811,2018228,DATE '2018-09-07',204);
INSERT INTO payment VALUES (812,2018169,DATE '2018-09-07',173);
INSERT INTO payment VALUES (813,2018136,DATE '2018-05-11',209);
INSERT INTO payment VALUES (814,2018204,DATE '2018-05-14',222);
INSERT INTO payment VALUES (815,2018207,DATE '2018-02-26',281);
INSERT INTO payment VALUES (816,201870,DATE '2018-08-11',381);
INSERT INTO payment VALUES (817,2018327,DATE '2018-10-12',102);
INSERT INTO payment VALUES (818,201833,DATE '2018-01-19',368);
INSERT INTO payment VALUES (819,2018280,DATE '2018-08-19',186);
INSERT INTO payment VALUES (820,2018113,DATE '2018-08-03',82);
INSERT INTO payment VALUES (821,2018233,DATE '2018-01-11',133);
INSERT INTO payment VALUES (822,2018131,DATE '2018-02-27',59);
INSERT INTO payment VALUES (823,2018100,DATE '2018-06-18',50);
INSERT INTO payment VALUES (824,2018351,DATE '2018-06-05',177);
INSERT INTO payment VALUES (825,201872,DATE '2018-03-21',367);
INSERT INTO payment VALUES (826,2018193,DATE '2018-06-05',335);
INSERT INTO payment VALUES (827,2018327,DATE '2018-02-10',270);
INSERT INTO payment VALUES (828,2018480,DATE '2018-10-16',313);
INSERT INTO payment VALUES (829,2018260,DATE '2018-06-17',380);
INSERT INTO payment VALUES (830,2018116,DATE '2018-07-02',290);
INSERT INTO payment VALUES (831,2018258,DATE '2018-07-16',224);
INSERT INTO payment VALUES (832,2018303,DATE '2018-09-02',179);
INSERT INTO payment VALUES (833,2018176,DATE '2018-11-27',109);
INSERT INTO payment VALUES (834,2018457,DATE '2018-08-09',352);
INSERT INTO payment VALUES (835,2018140,DATE '2018-10-03',335);
INSERT INTO payment VALUES (836,2018173,DATE '2018-07-03',84);
INSERT INTO payment VALUES (837,2018224,DATE '2018-03-23',158);
INSERT INTO payment VALUES (838,2018467,DATE '2018-08-27',394);
INSERT INTO payment VALUES (839,2018445,DATE '2018-04-19',149);
INSERT INTO payment VALUES (840,2018100,DATE '2018-07-12',352);
INSERT INTO payment VALUES (841,2018174,DATE '2018-11-18',175);
INSERT INTO payment VALUES (842,2018104,DATE '2018-07-20',147);
INSERT INTO payment VALUES (843,2018498,DATE '2018-05-18',185);
INSERT INTO payment VALUES (844,2018332,DATE '2018-05-01',59);
INSERT INTO payment VALUES (845,2018364,DATE '2018-10-19',309);
INSERT INTO payment VALUES (846,2018226,DATE '2018-04-08',362);
INSERT INTO payment VALUES (847,2018390,DATE '2018-04-04',97);
INSERT INTO payment VALUES (848,2018146,DATE '2018-04-09',139);
INSERT INTO payment VALUES (849,201866,DATE '2018-09-15',138);
INSERT INTO payment VALUES (850,2018457,DATE '2018-03-21',253);
INSERT INTO payment VALUES (851,2018444,DATE '2018-08-26',291);
INSERT INTO payment VALUES (852,2018297,DATE '2018-10-22',29);
INSERT INTO payment VALUES (853,201823,DATE '2018-04-23',62);
INSERT INTO payment VALUES (854,2018287,DATE '2018-05-15',31);
INSERT INTO payment VALUES (855,2018207,DATE '2018-05-14',65);
INSERT INTO payment VALUES (856,201887,DATE '2018-05-03',216);
INSERT INTO payment VALUES (857,2018254,DATE '2018-04-19',101);
INSERT INTO payment VALUES (858,201862,DATE '2018-02-04',320);
INSERT INTO payment VALUES (859,2018392,DATE '2018-06-24',152);
INSERT INTO payment VALUES (860,2018378,DATE '2018-02-19',359);
INSERT INTO payment VALUES (861,2018291,DATE '2018-03-14',320);
INSERT INTO payment VALUES (862,2018473,DATE '2018-09-09',302);
INSERT INTO payment VALUES (863,2018110,DATE '2018-08-26',344);
INSERT INTO payment VALUES (864,2018235,DATE '2018-10-20',384);
INSERT INTO payment VALUES (865,2018465,DATE '2018-03-16',366);
INSERT INTO payment VALUES (866,2018454,DATE '2018-05-11',210);
INSERT INTO payment VALUES (867,2018273,DATE '2018-02-27',21);
INSERT INTO payment VALUES (868,2018126,DATE '2018-04-14',111);
INSERT INTO payment VALUES (869,2018348,DATE '2018-07-20',217);
INSERT INTO payment VALUES (870,201869,DATE '2018-07-22',351);
INSERT INTO payment VALUES (871,2018125,DATE '2018-02-20',220);
INSERT INTO payment VALUES (872,2018386,DATE '2018-10-21',2);
INSERT INTO payment VALUES (873,2018441,DATE '2018-10-17',157);
INSERT INTO payment VALUES (874,2018226,DATE '2018-05-20',211);
INSERT INTO payment VALUES (875,2018361,DATE '2018-05-07',309);
INSERT INTO payment VALUES (876,2018191,DATE '2018-09-24',167);
INSERT INTO payment VALUES (877,2018400,DATE '2018-06-27',162);
INSERT INTO payment VALUES (878,2018319,DATE '2018-06-07',298);
INSERT INTO payment VALUES (879,20188,DATE '2018-04-08',86);
INSERT INTO payment VALUES (880,2018172,DATE '2018-06-08',276);
INSERT INTO payment VALUES (881,2018211,DATE '2018-06-24',326);
INSERT INTO payment VALUES (882,2018211,DATE '2018-06-24',83);
INSERT INTO payment VALUES (883,2018415,DATE '2018-05-18',358);
INSERT INTO payment VALUES (884,2018423,DATE '2018-03-14',50);
INSERT INTO payment VALUES (885,2018262,DATE '2018-03-14',259);
INSERT INTO payment VALUES (886,2018415,DATE '2018-04-19',212);
INSERT INTO payment VALUES (887,2018312,DATE '2018-11-20',301);
INSERT INTO payment VALUES (888,2018257,DATE '2018-05-11',163);
INSERT INTO payment VALUES (889,2018259,DATE '2018-11-03',301);
INSERT INTO payment VALUES (890,20189,DATE '2018-10-02',103);
INSERT INTO payment VALUES (891,201842,DATE '2018-01-27',98);
INSERT INTO payment VALUES (892,201838,DATE '2018-02-08',389);
INSERT INTO payment VALUES (893,2018475,DATE '2018-06-02',345);
INSERT INTO payment VALUES (894,2018412,DATE '2018-08-26',120);
INSERT INTO payment VALUES (895,2018492,DATE '2018-08-08',375);
INSERT INTO payment VALUES (896,2018343,DATE '2018-09-19',346);
INSERT INTO payment VALUES (897,2018295,DATE '2018-03-08',146);
INSERT INTO payment VALUES (898,2018480,DATE '2018-06-26',70);
INSERT INTO payment VALUES (899,201886,DATE '2018-08-01',90);
INSERT INTO payment VALUES (900,201864,DATE '2018-06-12',151);
INSERT INTO payment VALUES (901,2018151,DATE '2018-06-12',236);
INSERT INTO payment VALUES (902,2018331,DATE '2018-04-23',287);
INSERT INTO payment VALUES (903,201812,DATE '2018-10-01',66);
INSERT INTO payment VALUES (904,2018392,DATE '2018-11-19',17);
INSERT INTO payment VALUES (905,2018233,DATE '2018-04-14',288);
INSERT INTO payment VALUES (906,2018286,DATE '2018-03-08',179);
INSERT INTO payment VALUES (907,20184,DATE '2018-07-24',357);
INSERT INTO payment VALUES (908,2018444,DATE '2018-09-22',243);
INSERT INTO payment VALUES (909,201844,DATE '2018-04-17',2);
INSERT INTO payment VALUES (910,2018427,DATE '2018-02-20',248);
INSERT INTO payment VALUES (911,2018357,DATE '2018-06-09',189);
INSERT INTO payment VALUES (912,201887,DATE '2018-09-27',381);
INSERT INTO payment VALUES (913,2018265,DATE '2018-08-05',87);
INSERT INTO payment VALUES (914,2018396,DATE '2018-06-15',36);
INSERT INTO payment VALUES (915,201868,DATE '2018-06-09',325);
INSERT INTO payment VALUES (916,2018411,DATE '2018-01-23',48);
INSERT INTO payment VALUES (917,2018142,DATE '2018-06-21',116);
INSERT INTO payment VALUES (918,2018427,DATE '2018-02-07',207);
INSERT INTO payment VALUES (919,201819,DATE '2018-04-19',359);
INSERT INTO payment VALUES (920,2018342,DATE '2018-11-22',315);
INSERT INTO payment VALUES (921,2018197,DATE '2018-10-11',25);
INSERT INTO payment VALUES (922,2018455,DATE '2018-06-06',249);
INSERT INTO payment VALUES (923,2018150,DATE '2018-05-26',207);
INSERT INTO payment VALUES (924,2018156,DATE '2018-01-07',276);
INSERT INTO payment VALUES (925,201818,DATE '2018-04-22',211);
INSERT INTO payment VALUES (926,2018109,DATE '2018-06-08',9);
INSERT INTO payment VALUES (927,2018384,DATE '2018-10-19',314);
INSERT INTO payment VALUES (928,2018264,DATE '2018-06-11',315);
INSERT INTO payment VALUES (929,2018235,DATE '2018-10-15',44);
INSERT INTO payment VALUES (930,2018302,DATE '2018-11-18',73);
INSERT INTO payment VALUES (931,2018478,DATE '2018-01-25',181);
INSERT INTO payment VALUES (932,2018493,DATE '2018-06-11',382);
INSERT INTO payment VALUES (933,2018114,DATE '2018-04-09',355);
INSERT INTO payment VALUES (934,2018488,DATE '2018-02-23',67);
INSERT INTO payment VALUES (935,2018406,DATE '2018-09-20',114);
INSERT INTO payment VALUES (936,2018433,DATE '2018-11-24',302);
INSERT INTO payment VALUES (937,2018386,DATE '2018-01-09',362);
INSERT INTO payment VALUES (938,2018476,DATE '2018-03-15',21);
INSERT INTO payment VALUES (939,2018103,DATE '2018-09-07',12);
INSERT INTO payment VALUES (940,2018291,DATE '2018-07-10',289);
INSERT INTO payment VALUES (941,2018127,DATE '2018-05-20',302);
INSERT INTO payment VALUES (942,2018464,DATE '2018-11-27',270);
INSERT INTO payment VALUES (943,2018212,DATE '2018-07-03',396);
INSERT INTO payment VALUES (944,201832,DATE '2018-06-04',15);
INSERT INTO payment VALUES (945,201888,DATE '2018-09-04',140);
INSERT INTO payment VALUES (946,20185,DATE '2018-08-09',289);
INSERT INTO payment VALUES (947,2018457,DATE '2018-09-27',130);
INSERT INTO payment VALUES (948,2018314,DATE '2018-02-04',300);
INSERT INTO payment VALUES (949,201844,DATE '2018-03-24',311);
INSERT INTO payment VALUES (950,2018435,DATE '2018-03-25',26);
INSERT INTO payment VALUES (951,2018253,DATE '2018-02-16',39);
INSERT INTO payment VALUES (952,2018302,DATE '2018-03-23',193);
INSERT INTO payment VALUES (953,2018297,DATE '2018-07-16',116);
INSERT INTO payment VALUES (954,2018429,DATE '2018-04-19',107);
INSERT INTO payment VALUES (955,2018217,DATE '2018-06-04',315);
INSERT INTO payment VALUES (956,2018389,DATE '2018-06-08',140);
INSERT INTO payment VALUES (957,201869,DATE '2018-04-20',30);
INSERT INTO payment VALUES (958,2018181,DATE '2018-08-27',69);
INSERT INTO payment VALUES (959,2018352,DATE '2018-09-01',175);
INSERT INTO payment VALUES (960,201840,DATE '2018-09-24',245);
INSERT INTO payment VALUES (961,201895,DATE '2018-05-24',80);
INSERT INTO payment VALUES (962,2018453,DATE '2018-05-11',153);
INSERT INTO payment VALUES (963,2018482,DATE '2018-08-07',355);
INSERT INTO payment VALUES (964,2018183,DATE '2018-11-20',227);
INSERT INTO payment VALUES (965,2018213,DATE '2018-10-12',307);
INSERT INTO payment VALUES (966,2018170,DATE '2018-06-22',87);
INSERT INTO payment VALUES (967,2018360,DATE '2018-03-14',296);
INSERT INTO payment VALUES (968,2018127,DATE '2018-09-11',61);
INSERT INTO payment VALUES (969,201880,DATE '2018-07-02',134);
INSERT INTO payment VALUES (970,201897,DATE '2018-09-14',305);
INSERT INTO payment VALUES (971,2018352,DATE '2018-09-09',195);
INSERT INTO payment VALUES (972,2018253,DATE '2018-03-10',280);
INSERT INTO payment VALUES (973,2018229,DATE '2018-07-20',357);
INSERT INTO payment VALUES (974,2018432,DATE '2018-05-10',297);
INSERT INTO payment VALUES (975,2018290,DATE '2018-06-23',20);
INSERT INTO payment VALUES (976,2018293,DATE '2018-03-06',394);
INSERT INTO payment VALUES (977,2018223,DATE '2018-08-15',357);
INSERT INTO payment VALUES (978,201874,DATE '2018-04-01',338);
INSERT INTO payment VALUES (979,20183,DATE '2018-09-27',150);
INSERT INTO payment VALUES (980,2018115,DATE '2018-05-15',355);
INSERT INTO payment VALUES (981,2018427,DATE '2018-02-27',254);
INSERT INTO payment VALUES (982,2018296,DATE '2018-02-08',267);
INSERT INTO payment VALUES (983,201864,DATE '2018-08-18',141);
INSERT INTO payment VALUES (984,201889,DATE '2018-09-27',390);
INSERT INTO payment VALUES (985,2018337,DATE '2018-03-19',176);
INSERT INTO payment VALUES (986,2018478,DATE '2018-09-05',149);
INSERT INTO payment VALUES (987,2018310,DATE '2018-01-10',15);
INSERT INTO payment VALUES (988,2018382,DATE '2018-09-21',13);
INSERT INTO payment VALUES (989,201887,DATE '2018-01-24',250);
INSERT INTO payment VALUES (990,2018412,DATE '2018-08-18',197);
INSERT INTO payment VALUES (991,2018432,DATE '2018-09-16',69);
INSERT INTO payment VALUES (992,201858,DATE '2018-09-16',388);
INSERT INTO payment VALUES (993,2018120,DATE '2018-11-01',131);
INSERT INTO payment VALUES (994,2018414,DATE '2018-03-07',314);
INSERT INTO payment VALUES (995,2018239,DATE '2018-11-21',66);
INSERT INTO payment VALUES (996,2018411,DATE '2018-08-05',393);
INSERT INTO payment VALUES (997,2018210,DATE '2018-04-08',110);
INSERT INTO payment VALUES (998,201821,DATE '2018-11-11',198);
INSERT INTO payment VALUES (999,2018469,DATE '2018-05-27',99);
INSERT INTO payment VALUES (1000,2018131,DATE '2018-01-12',16);